year,stateFIPS,countyFIPS,PPCSTOT,TOTALEXP,TCURSPND
2010,8,8001.0,57366,840454,699730
2010,8,8003.0,19347,60756,27335
2010,8,8005.0,70899,1211781,994837
2010,8,8007.0,8411,13701,12904
2010,8,8009.0,65738,12341,10428
2010,8,8011.0,19271,9245,7973
2010,8,8013.0,17793,679787,518688
2010,8,8015.0,19694,23142,20258
2010,8,8017.0,33946,5170,4583
2010,8,8019.0,9923,12628,9869
2010,8,8021.0,29763,17024,15708
2010,8,8023.0,22983,16051,5444
2010,8,8025.0,8632,4538,4273
2010,8,8027.0,9231,4868,4540
2010,8,8029.0,7852,47760,44003
2010,8,8031.0,9930,1008396,798118
2010,8,8033.0,10430,3352,3035
2010,8,8035.0,7813,582564,468361
2010,8,8037.0,10606,91003,66261
2010,8,8039.0,59197,34649,30809
2010,8,8041.0,125271,1045413,926578
2010,8,8043.0,28111,50393,45168
2010,8,8045.0,26283,122359,97689
2010,8,8047.0,12166,5053,4392
2010,8,8049.0,20241,23601,18084
2010,8,8051.0,8586,55323,15610
2010,8,8053.0,14602,1513,1363
2010,8,8055.0,20433,10246,8690
2010,8,8057.0,11526,3551,2651
2010,8,8059.0,8857,891637,764401
2010,8,8061.0,35470,4406,4156
2010,8,8063.0,58473,14900,13758
2010,8,8065.0,9102,28472,20811
2010,8,8067.0,28543,74314,65655
2010,8,8069.0,26782,407025,365729
2010,8,8071.0,71776,29175,25289
2010,8,8073.0,27984,19012,13877
2010,8,8075.0,45875,35547,28198
2010,8,8077.0,29463,205652,186689
2010,8,8079.0,18119,2042,1830
2010,8,8081.0,8354,31545,21239
2010,8,8083.0,26281,38252,35242
2010,8,8085.0,18999,57256,54097
2010,8,8087.0,35235,51581,45449
2010,8,8089.0,61593,40957,34118
2010,8,8091.0,25889,11241,7582
2010,8,8093.0,44073,33539,32309
2010,8,8095.0,16999,14109,11771
2010,8,8097.0,12864,34018,21843
2010,8,8099.0,38936,26575,23487
2010,8,8101.0,15941,242770,226287
2010,8,8103.0,17058,39512,12191
2010,8,8105.0,24774,42701,18510
2010,8,8107.0,34719,42710,38595
2010,8,8109.0,39828,12686,11377
2010,8,8111.0,16848,1664,1112
2010,8,8113.0,24663,15336,13431
2010,8,8115.0,22923,11680,10131
2010,8,8117.0,10238,43498,31973
2010,8,8119.0,20202,33061,28891
2010,8,8121.0,62651,11868,10743
2010,8,8123.0,116541,344221,301698
2010,8,8125.0,46773,20353,17374
2010,20,20001.0,31901,25671,24155
2010,20,20003.0,20652,14568,13363
2010,20,20005.0,20288,26171,24245
2010,20,20007.0,22045,8668,8066
2010,20,20009.0,28425,42330,39529
2010,20,20011.0,19439,24527,22000
2010,20,20013.0,22718,18134,16495
2010,20,20015.0,86830,161439,124166
2010,20,20017.0,11463,5090,4803
2010,20,20019.0,24336,6248,6128
2010,20,20021.0,41713,40547,38689
2010,20,20023.0,26461,5715,5308
2010,20,20025.0,22431,6203,5636
2010,20,20027.0,8649,13156,12316
2010,20,20029.0,20884,15121,14473
2010,20,20031.0,34877,22029,18387
2010,20,20033.0,9757,3642,3376
2010,20,20035.0,53418,79400,59647
2010,20,20037.0,51156,69361,59091
2010,20,20039.0,11019,4440,4143
2010,20,20041.0,50087,90318,37099
2010,20,20043.0,23574,17291,16568
2010,20,20045.0,27708,173462,128641
2010,20,20047.0,25674,5711,5341
2010,20,20049.0,24818,8066,7221
2010,20,20051.0,30994,41796,36873
2010,20,20053.0,9789,15339,13761
2010,20,20055.0,19499,173812,81800
2010,20,20057.0,29900,74281,65222
2010,20,20059.0,40483,48658,44813
2010,20,20061.0,8823,92704,71718
2010,20,20063.0,53815,6770,6199
2010,20,20065.0,10804,5121,4289
2010,20,20067.0,8764,17784,15232
2010,20,20069.0,53942,17330,13659
2010,20,20071.0,11294,2681,2609
2010,20,20073.0,35636,11869,10976
2010,20,20075.0,10151,5795,5299
2010,20,20077.0,20999,18180,10927
2010,20,20079.0,45035,76048,54085
2010,20,20081.0,22796,13227,9731
2010,20,20083.0,11576,3803,3114
2010,20,20085.0,30405,26472,23523
2010,20,20087.0,62259,45228,39879
2010,20,20089.0,12228,4181,3815
2010,20,20091.0,54053,1178867,847243
2010,20,20093.0,26901,12191,10954
2010,20,20095.0,22952,14335,13111
2010,20,20097.0,26002,38587,4672
2010,20,20099.0,41828,44165,39634
2010,20,20101.0,25805,4559,4224
2010,20,20103.0,50210,202615,110520
2010,20,20105.0,25333,5928,5772
2010,20,20107.0,32524,24373,20189
2010,20,20109.0,25843,6237,5677
2010,20,20111.0,32808,62278,57165
2010,20,20113.0,49148,50271,43343
2010,20,20115.0,54710,25617,22459
2010,20,20117.0,31090,20920,18679
2010,20,20119.0,21911,8974,7122
2010,20,20121.0,26828,49381,45032
2010,20,20123.0,22969,13193,12746
2010,20,20125.0,36378,98227,51077
2010,20,20127.0,10704,15066,8167
2010,20,20129.0,21927,11352,9869
2010,20,20131.0,9022,32607,17897
2010,20,20133.0,21583,41241,23650
2010,20,20135.0,21089,5304,4808
2010,20,20137.0,24705,10082,9626
2010,20,20139.0,52841,30909,28426
2010,20,20141.0,11122,4315,3837
2010,20,20143.0,20805,14303,13020
2010,20,20145.0,26025,12568,12091
2010,20,20147.0,21274,9608,8886
2010,20,20149.0,37919,40383,35375
2010,20,20151.0,21872,15916,15120
2010,20,20153.0,12138,4654,3860
2010,20,20155.0,62148,109562,94854
2010,20,20157.0,21695,8747,8112
2010,20,20159.0,44698,28941,20071
2010,20,20161.0,31371,84218,69158
2010,20,20163.0,36964,12494,10033
2010,20,20165.0,24032,5965,5641
2010,20,20167.0,26687,12285,11851
2010,20,20169.0,28731,96526,81972
2010,20,20171.0,9619,10373,8898
2010,20,20173.0,84691,1005472,778163
2010,20,20175.0,19981,53998,49297
2010,20,20177.0,45641,323160,268957
2010,20,20179.0,10692,3862,3614
2010,20,20181.0,10181,9313,9084
2010,20,20183.0,26038,9110,8507
2010,20,20185.0,35400,11374,10598
2010,20,20187.0,10537,5406,5216
2010,20,20189.0,22713,27092,13266
2010,20,20191.0,75879,44164,40753
2010,20,20193.0,32876,13373,12613
2010,20,20195.0,10797,5031,4783
2010,20,20197.0,21430,11917,10915
2010,20,20199.0,25829,4125,3901
2010,20,20201.0,33085,12856,12189
2010,20,20203.0,10136,7173,4683
2010,20,20205.0,32105,18439,17491
2010,20,20207.0,11738,5224,5024
2010,20,20209.0,35981,336187,280688
2010,29,29001.0,28811,39208,27835
2010,29,29003.0,27688,25062,23910
2010,29,29005.0,31134,10604,9602
2010,29,29007.0,26296,33943,28658
2010,29,29009.0,65155,62211,55134
2010,29,29011.0,23309,18277,17318
2010,29,29013.0,64383,26491,24706
2010,29,29015.0,24057,24508,21618
2010,29,29017.0,31163,15396,14588
2010,29,29019.0,51568,235242,208633
2010,29,29021.0,36037,127780,118852
2010,29,29023.0,24871,58753,53717
2010,29,29025.0,95654,17930,16609
2010,29,29027.0,36309,49703,44745
2010,29,29029.0,39063,57800,50610
2010,29,29031.0,44727,92955,81413
2010,29,29033.0,49209,16777,15241
2010,29,29035.0,18056,13092,11522
2010,29,29037.0,91574,204268,163847
2010,29,29039.0,16518,20705,19171
2010,29,29041.0,42020,11680,11050
2010,29,29043.0,54604,127419,107822
2010,29,29045.0,22225,8926,8388
2010,29,29047.0,58749,437272,363040
2010,29,29049.0,28211,37342,32357
2010,29,29051.0,31020,105891,93722
2010,29,29053.0,58948,27994,24000
2010,29,29055.0,23826,33268,27339
2010,29,29057.0,36297,11314,10452
2010,29,29059.0,8128,17995,15749
2010,29,29061.0,60836,13672,12909
2010,29,29063.0,42955,11488,11198
2010,29,29065.0,43541,21223,17897
2010,29,29067.0,29568,16105,15060
2010,29,29069.0,59855,54803,51358
2010,29,29071.0,88104,161150,144541
2010,29,29073.0,16674,27344,24521
2010,29,29075.0,31708,14336,12235
2010,29,29077.0,59351,373533,313373
2010,29,29079.0,61517,15412,14003
2010,29,29081.0,55191,15585,15066
2010,29,29083.0,76723,28889,26730
2010,29,29085.0,37644,17760,15938
2010,29,29087.0,36552,7717,7284
2010,29,29089.0,24102,12517,11935
2010,29,29091.0,65067,71762,56831
2010,29,29093.0,36433,21126,19402
2010,29,29095.0,123220,1287338,1081969
2010,29,29097.0,56815,204663,161517
2010,29,29099.0,96945,359520,317949
2010,29,29101.0,61944,84300,69099
2010,29,29103.0,9333,5442,5295
2010,29,29105.0,33497,51303,47331
2010,29,29107.0,55170,60170,50239
2010,29,29109.0,49599,55109,50921
2010,29,29111.0,16859,16504,13442
2010,29,29113.0,30494,78214,66288
2010,29,29115.0,47671,24208,22839
2010,29,29117.0,30463,26004,22036
2010,29,29119.0,8615,35915,33308
2010,29,29121.0,60487,23262,21667
2010,29,29123.0,17556,17239,16742
2010,29,29125.0,16021,11719,11039
2010,29,29127.0,25936,46634,43835
2010,29,29129.0,20812,6203,5933
2010,29,29131.0,42415,50255,42943
2010,29,29133.0,16225,19463,18954
2010,29,29135.0,53552,25162,19570
2010,29,29137.0,52092,16979,14450
2010,29,29139.0,17493,16366,15550
2010,29,29141.0,18499,20272,19119
2010,29,29143.0,42710,31917,29173
2010,29,29145.0,38778,78820,65738
2010,29,29147.0,76737,32393,29487
2010,29,29149.0,34168,17478,16343
2010,29,29151.0,27149,14773,14301
2010,29,29153.0,48754,16930,15848
2010,29,29155.0,68181,50811,41816
2010,29,29157.0,14464,22801,21122
2010,29,29159.0,55742,67575,53953
2010,29,29161.0,34022,61121,56026
2010,29,29163.0,42891,28761,23928
2010,29,29165.0,43653,183134,159335
2010,29,29167.0,51744,50300,46455
2010,29,29169.0,49517,84394,77718
2010,29,29171.0,8903,8756,6868
2010,29,29173.0,7288,6403,5722
2010,29,29175.0,47486,40474,35960
2010,29,29177.0,34036,32815,30386
2010,29,29179.0,49784,13906,12697
2010,29,29181.0,34534,20516,18227
2010,29,29183.0,48466,642688,537904
2010,29,29185.0,37967,13478,12720
2010,29,29186.0,9227,20168,18939
2010,29,29187.0,41526,101448,89020
2010,29,29189.0,325262,2110856,1874769
2010,29,29195.0,92419,38179,33307
2010,29,29197.0,8444,8742,6013
2010,29,29199.0,32918,6745,6423
2010,29,29201.0,58649,59896,56185
2010,29,29203.0,19929,8659,8197
2010,29,29205.0,21070,12025,10802
2010,29,29207.0,61326,51466,41742
2010,29,29209.0,43506,45862,37795
2010,29,29211.0,33235,15022,11227
2010,29,29213.0,61729,72959,62376
2010,29,29215.0,61709,37760,34153
2010,29,29217.0,38925,30574,29370
2010,29,29219.0,16175,45721,36515
2010,29,29221.0,36192,34993,31601
2010,29,29223.0,16648,20816,16001
2010,29,29225.0,32074,40265,37911
2010,29,29227.0,8884,4209,3618
2010,29,29229.0,46025,32731,30643
2010,29,29510.0,14534,413743,389250
2010,31,31001.0,45973,65637,58748
2010,31,31003.0,42253,23295,21444
2010,31,31005.0,17689,1624,1592
2010,31,31007.0,14864,2893,2631
2010,31,31009.0,18134,2270,2158
2010,31,31011.0,25639,9593,8927
2010,31,31013.0,23335,22948,21725
2010,31,31015.0,30292,5549,5293
2010,31,31017.0,11794,9409,8648
2010,31,31019.0,73947,96191,81991
2010,31,31021.0,33219,14751,13867
2010,31,31023.0,23916,14432,11563
2010,31,31025.0,52957,46717,38630
2010,31,31027.0,50732,14540,13729
2010,31,31029.0,25845,10588,9538
2010,31,31031.0,31172,13572,11368
2010,31,31033.0,40118,24757,18785
2010,31,31035.0,35291,17204,16193
2010,31,31037.0,52904,25201,22736
2010,31,31039.0,32924,19074,17159
2010,31,31041.0,81706,24277,22510
2010,31,31043.0,20775,44200,42458
2010,31,31045.0,24999,14809,13831
2010,31,31047.0,50284,55249,50590
2010,31,31049.0,30168,6621,6153
2010,31,31051.0,31624,20460,17764
2010,31,31053.0,44515,65310,60564
2010,31,31055.0,68903,1025612,915040
2010,31,31057.0,14057,6351,5651
2010,31,31059.0,42166,14053,12141
2010,31,31061.0,10939,4225,3796
2010,31,31063.0,41843,8468,7607
2010,31,31065.0,35485,15702,13660
2010,31,31067.0,45230,41294,36591
2010,31,31069.0,13968,4712,3911
2010,31,31071.0,10544,4122,4070
2010,31,31073.0,11992,3204,3118
2010,31,31075.0,18870,2545,2321
2010,31,31079.0,43083,140852,123913
2010,31,31081.0,33723,19093,17624
2010,31,31083.0,10686,3845,3398
2010,31,31085.0,16524,2699,2429
2010,31,31087.0,11121,5515,5174
2010,31,31089.0,73266,24531,21983
2010,31,31091.0,13845,3124,2686
2010,31,31093.0,32156,18185,12420
2010,31,31095.0,37394,19030,17760
2010,31,31097.0,24061,9600,8978
2010,31,31099.0,36461,16019,14974
2010,31,31101.0,22483,21873,19933
2010,31,31103.0,17798,2081,1762
2010,31,31105.0,11420,6872,6464
2010,31,31107.0,83135,22447,19685
2010,31,31109.0,48135,480257,397002
2010,31,31111.0,67486,60874,55374
2010,31,31113.0,14040,2775,2471
2010,31,31115.0,15029,1784,1563
2010,31,31117.0,17627,1729,1463
2010,31,31119.0,59521,63305,56879
2010,31,31121.0,19870,15141,10246
2010,31,31123.0,24399,14396,11339
2010,31,31125.0,21119,9636,8817
2010,31,31127.0,20860,18726,17296
2010,31,31129.0,12605,7350,5791
2010,31,31131.0,30893,43873,25940
2010,31,31133.0,27033,6795,6479
2010,31,31135.0,14069,7019,5529
2010,31,31137.0,34937,23046,20833
2010,31,31139.0,35342,15557,14691
2010,31,31141.0,31654,60939,51483
2010,31,31143.0,46606,16792,14389
2010,31,31145.0,22850,21477,18472
2010,31,31147.0,22346,16016,14709
2010,31,31149.0,16799,3450,3259
2010,31,31151.0,42852,38127,28469
2010,31,31153.0,38795,236981,215243
2010,31,31155.0,53804,35642,26747
2010,31,31157.0,50471,84739,66126
2010,31,31159.0,32235,35053,32678
2010,31,31161.0,25653,11912,10783
2010,31,31163.0,24080,7406,5933
2010,31,31165.0,22949,2351,2249
2010,31,31167.0,9833,5045,4602
2010,31,31169.0,48969,14543,12261
2010,31,31171.0,19412,2125,1883
2010,31,31173.0,57515,32227,22417
2010,31,31175.0,25441,10417,8435
2010,31,31177.0,28631,41173,33221
2010,31,31179.0,33497,18247,16291
2010,31,31181.0,21862,7588,6835
2010,31,31183.0,18647,2613,2163
2010,31,31185.0,32909,22621,19551
2010,40,40001.0,103582,43995,41889
2010,40,40003.0,32174,7674,6843
2010,40,40005.0,50949,21739,20796
2010,40,40007.0,48587,12753,12305
2010,40,40009.0,48090,29714,28917
2010,40,40011.0,42273,19527,19291
2010,40,40013.0,75145,64945,62003
2010,40,40015.0,96533,66035,60983
2010,40,40017.0,77978,196207,169643
2010,40,40019.0,72595,75885,71719
2010,40,40021.0,100842,69051,64262
2010,40,40023.0,61531,24258,23366
2010,40,40025.0,39156,5472,5082
2010,40,40027.0,42018,375398,316603
2010,40,40029.0,30949,13170,12900
2010,40,40031.0,74941,205528,196944
2010,40,40033.0,27254,10294,9849
2010,40,40035.0,36779,25990,25256
2010,40,40037.0,108242,118547,109816
2010,40,40039.0,45995,45428,39254
2010,40,40041.0,94581,60695,57582
2010,40,40043.0,47335,11277,10786
2010,40,40045.0,41366,9147,8496
2010,40,40047.0,72458,93394,86331
2010,40,40049.0,63132,43901,41497
2010,40,40051.0,88505,68028,62960
2010,40,40053.0,33396,8851,8124
2010,40,40055.0,19276,9735,8560
2010,40,40057.0,9449,5009,5008
2010,40,40059.0,18102,6865,6743
2010,40,40061.0,41978,18301,17786
2010,40,40063.0,45728,26337,23111
2010,40,40065.0,49395,40353,39631
2010,40,40067.0,37107,11449,11136
2010,40,40069.0,64044,16517,16008
2010,40,40071.0,52370,80856,76743
2010,40,40073.0,51249,29959,26406
2010,40,40075.0,39833,16175,15497
2010,40,40077.0,40953,16584,15784
2010,40,40079.0,152267,85009,80634
2010,40,40081.0,69679,47094,43287
2010,40,40083.0,35021,35985,35116
2010,40,40085.0,33675,13757,12822
2010,40,40087.0,49591,51143,45000
2010,40,40089.0,118311,62444,59730
2010,40,40091.0,53923,28826,27722
2010,40,40093.0,28139,11239,10700
2010,40,40095.0,15159,24051,21801
2010,40,40097.0,65879,62126,57537
2010,40,40099.0,13348,17589,15988
2010,40,40101.0,79980,112257,102456
2010,40,40103.0,41512,20698,19545
2010,40,40105.0,25106,17033,15842
2010,40,40107.0,49433,18054,17611
2010,40,40109.0,109139,1021405,926861
2010,40,40111.0,72872,63496,58901
2010,40,40113.0,110711,37836,35804
2010,40,40115.0,56491,66888,62931
2010,40,40117.0,24301,21059,19409
2010,40,40119.0,54289,92343,83243
2010,40,40121.0,121101,67195,64841
2010,40,40123.0,59831,59789,56557
2010,40,40125.0,106795,106118,97405
2010,40,40127.0,69811,21380,20792
2010,40,40129.0,29852,8561,6476
2010,40,40131.0,63170,116478,103330
2010,40,40133.0,88089,42558,40737
2010,40,40135.0,103520,71637,68321
2010,40,40137.0,59720,62906,61310
2010,40,40139.0,91712,35132,34132
2010,40,40141.0,43217,16079,15449
2010,40,40143.0,97229,968784,857180
2010,40,40145.0,29253,51037,47270
2010,40,40147.0,29257,66814,60880
2010,40,40149.0,32339,18137,16603
2010,40,40151.0,28659,14671,12143
2010,40,40153.0,37915,34293,27012
2011,8,8001.0,56099,803896,703162
2011,8,8003.0,18894,54352,25641
2011,8,8005.0,69407,1208672,1004880
2011,8,8007.0,8688,13859,13074
2011,8,8009.0,62917,10131,9624
2011,8,8011.0,17233,8289,7340
2011,8,8013.0,17432,699255,514414
2011,8,8015.0,19972,25006,20949
2011,8,8017.0,31750,5337,4824
2011,8,8019.0,9569,11790,9659
2011,8,8021.0,31274,15869,15304
2011,8,8023.0,21655,13053,5512
2011,8,8025.0,8148,4237,4017
2011,8,8027.0,9337,4474,4239
2011,8,8029.0,7591,50352,41826
2011,8,8031.0,10468,1104750,854303
2011,8,8033.0,9625,3180,2974
2011,8,8035.0,7548,536544,464275
2011,8,8037.0,10608,82992,66014
2011,8,8039.0,62237,33368,29952
2011,8,8041.0,124654,1003041,902768
2011,8,8043.0,28576,49291,45420
2011,8,8045.0,25739,112299,94203
2011,8,8047.0,11492,5059,4436
2011,8,8049.0,19764,20097,16944
2011,8,8051.0,8145,29430,15183
2011,8,8053.0,14573,1439,1406
2011,8,8055.0,21437,8953,8102
2011,8,8057.0,11877,2756,2516
2011,8,8059.0,8815,833491,758114
2011,8,8061.0,24748,3367,3261
2011,8,8063.0,57332,14666,13457
2011,8,8065.0,8785,27257,19197
2011,8,8067.0,28934,73160,66391
2011,8,8069.0,25775,399806,364694
2011,8,8071.0,75721,26338,24654
2011,8,8073.0,28946,18626,13296
2011,8,8075.0,43325,29716,27369
2011,8,8077.0,29112,205667,184324
2011,8,8079.0,18826,1809,1732
2011,8,8081.0,9017,24022,21712
2011,8,8083.0,26185,36455,34340
2011,8,8085.0,18519,56661,52974
2011,8,8087.0,33968,48162,44304
2011,8,8089.0,60863,39629,33792
2011,8,8091.0,25897,8152,7184
2011,8,8093.0,20281,26046,17669
2011,8,8095.0,17683,14053,12034
2011,8,8097.0,12579,29109,21724
2011,8,8099.0,37593,29346,22668
2011,8,8101.0,15557,238549,221288
2011,8,8103.0,17529,17911,11997
2011,8,8105.0,25196,25166,18172
2011,8,8107.0,32923,38511,33212
2011,8,8109.0,41423,16397,11687
2011,8,8111.0,17738,5857,1153
2011,8,8113.0,24856,14532,13103
2011,8,8115.0,20856,12658,11932
2011,8,8117.0,10513,42144,33155
2011,8,8119.0,20365,32717,27749
2011,8,8121.0,63342,14363,10706
2011,8,8123.0,119525,331550,299166
2011,8,8125.0,46569,18787,16537
2011,20,20001.0,32060,25299,23989
2011,20,20003.0,20707,14810,13357
2011,20,20005.0,20830,27150,24612
2011,20,20007.0,23261,9318,8085
2011,20,20009.0,27578,41866,39077
2011,20,20011.0,18734,23022,21770
2011,20,20013.0,22298,17896,16578
2011,20,20015.0,83553,168234,125834
2011,20,20017.0,10868,4779,4347
2011,20,20019.0,23540,6623,6170
2011,20,20021.0,40096,39771,37749
2011,20,20023.0,25960,5837,5344
2011,20,20025.0,21761,5864,5471
2011,20,20027.0,8627,12924,12129
2011,20,20029.0,21477,15391,14701
2011,20,20031.0,32331,20943,17538
2011,20,20033.0,11021,3799,3692
2011,20,20035.0,51660,77529,59758
2011,20,20037.0,49789,64904,59571
2011,20,20039.0,11592,4658,4289
2011,20,20041.0,50757,57053,36848
2011,20,20043.0,34070,17773,16859
2011,20,20045.0,26852,156906,127139
2011,20,20047.0,28141,6008,5574
2011,20,20049.0,24658,6939,6645
2011,20,20051.0,30465,42152,37187
2011,20,20053.0,22889,15483,14091
2011,20,20055.0,17715,93181,81176
2011,20,20057.0,29486,75679,68573
2011,20,20059.0,40863,49411,45541
2011,20,20061.0,9303,80909,73960
2011,20,20063.0,46898,6632,6183
2011,20,20065.0,10286,5673,4135
2011,20,20067.0,8611,15792,15040
2011,20,20069.0,55577,15032,13477
2011,20,20071.0,13195,5375,2705
2011,20,20073.0,36455,12305,11097
2011,20,20075.0,10482,6811,5346
2011,20,20077.0,21473,18731,11441
2011,20,20079.0,45458,65551,54428
2011,20,20081.0,22657,13031,10252
2011,20,20083.0,14038,4919,4029
2011,20,20085.0,29357,26082,23599
2011,20,20087.0,60985,41777,39018
2011,20,20089.0,13043,4383,3978
2011,20,20091.0,51711,1007257,842925
2011,20,20093.0,22123,11694,10567
2011,20,20095.0,23036,13801,13019
2011,20,20097.0,38709,12325,7254
2011,20,20099.0,40748,42433,38850
2011,20,20101.0,28234,4585,4184
2011,20,20103.0,50804,133807,110878
2011,20,20105.0,21434,7129,6777
2011,20,20107.0,31351,21888,20008
2011,20,20109.0,24424,6377,5717
2011,20,20111.0,31893,60918,55762
2011,20,20113.0,49421,48439,43129
2011,20,20115.0,56339,26498,22842
2011,20,20117.0,31693,19986,18590
2011,20,20119.0,22549,9314,7166
2011,20,20121.0,26285,47994,43907
2011,20,20123.0,22839,14005,13189
2011,20,20125.0,34368,93961,50456
2011,20,20127.0,10314,15379,7995
2011,20,20129.0,20987,11357,10326
2011,20,20131.0,23973,26745,19665
2011,20,20133.0,20455,50835,23748
2011,20,20135.0,22367,5718,5273
2011,20,20137.0,22234,11374,10225
2011,20,20139.0,48710,29556,28031
2011,20,20141.0,11691,4169,4010
2011,20,20143.0,20478,14120,13095
2011,20,20145.0,19493,12273,11637
2011,20,20147.0,22923,9562,9129
2011,20,20149.0,38672,51326,37450
2011,20,20151.0,21442,16912,15331
2011,20,20153.0,11199,3847,3539
2011,20,20155.0,60459,114061,94662
2011,20,20157.0,21170,8633,8172
2011,20,20159.0,44547,31218,20125
2011,20,20161.0,30523,118144,67564
2011,20,20163.0,34896,11499,9908
2011,20,20165.0,23792,6063,5694
2011,20,20167.0,24192,11847,11283
2011,20,20169.0,28856,95378,83767
2011,20,20171.0,10017,10705,9316
2011,20,20173.0,84036,1084357,778041
2011,20,20175.0,19877,56160,51254
2011,20,20177.0,44854,297484,266601
2011,20,20179.0,10115,3779,3682
2011,20,20181.0,10418,9977,9394
2011,20,20183.0,24133,9449,8362
2011,20,20185.0,36047,11416,10817
2011,20,20187.0,10744,6284,5458
2011,20,20189.0,22669,37583,13515
2011,20,20191.0,76361,45330,40894
2011,20,20193.0,34542,13625,12641
2011,20,20195.0,10810,4811,4391
2011,20,20197.0,22459,12658,11176
2011,20,20199.0,23360,3883,3648
2011,20,20201.0,34413,14278,12475
2011,20,20203.0,10677,9054,4890
2011,20,20205.0,31863,17869,17029
2011,20,20207.0,11131,5309,5187
2011,20,20209.0,35833,331503,283988
2011,29,29001.0,27558,30838,26058
2011,29,29003.0,24970,23932,23423
2011,29,29005.0,34039,13525,9934
2011,29,29007.0,27399,36211,28801
2011,29,29009.0,65001,63133,55002
2011,29,29011.0,25818,19108,18210
2011,29,29013.0,65450,25654,24343
2011,29,29015.0,23169,23674,20624
2011,29,29017.0,31427,15469,14537
2011,29,29019.0,48881,242397,206263
2011,29,29021.0,36165,128839,120276
2011,29,29023.0,23864,61402,52792
2011,29,29025.0,94920,17550,16312
2011,29,29027.0,34528,50748,42876
2011,29,29029.0,40659,56693,49913
2011,29,29031.0,42964,94044,79577
2011,29,29033.0,49737,16004,14898
2011,29,29035.0,16811,12139,11088
2011,29,29037.0,86884,168503,153830
2011,29,29039.0,16042,19618,18735
2011,29,29041.0,42101,12042,11012
2011,29,29043.0,51541,122182,105842
2011,29,29045.0,19588,12181,8558
2011,29,29047.0,71698,418043,361813
2011,29,29049.0,28049,34994,31311
2011,29,29051.0,30901,105814,95142
2011,29,29053.0,60627,24490,23002
2011,29,29055.0,24254,30446,27065
2011,29,29057.0,36561,10125,9771
2011,29,29059.0,8409,17483,15412
2011,29,29061.0,59782,13075,12563
2011,29,29063.0,43360,11933,10804
2011,29,29065.0,44036,21057,18283
2011,29,29067.0,27071,15548,15032
2011,29,29069.0,56056,49601,47889
2011,29,29071.0,86435,158430,139091
2011,29,29073.0,15939,28758,23922
2011,29,29075.0,30222,12581,11894
2011,29,29077.0,60432,354387,312696
2011,29,29079.0,61440,19499,14549
2011,29,29081.0,52754,14460,14083
2011,29,29083.0,73741,28759,25286
2011,29,29085.0,36041,18485,15863
2011,29,29087.0,39059,7697,7329
2011,29,29089.0,23391,12137,11630
2011,29,29091.0,62805,65575,55640
2011,29,29093.0,40786,25317,18705
2011,29,29095.0,118384,1177013,1016973
2011,29,29097.0,53437,172797,154489
2011,29,29099.0,93169,354255,310612
2011,29,29101.0,60315,85600,65921
2011,29,29103.0,9388,5198,5059
2011,29,29105.0,34008,48302,44947
2011,29,29107.0,52599,56123,47999
2011,29,29109.0,46733,50505,47343
2011,29,29111.0,16299,13143,12696
2011,29,29113.0,29448,73998,64436
2011,29,29115.0,46475,24009,21548
2011,29,29117.0,29904,22163,20798
2011,29,29119.0,8290,33436,31496
2011,29,29121.0,58179,21899,20500
2011,29,29123.0,17913,17338,16966
2011,29,29125.0,15051,11004,10426
2011,29,29127.0,23842,47453,41742
2011,29,29129.0,20293,6271,5874
2011,29,29131.0,42064,46971,42734
2011,29,29133.0,14602,16906,16622
2011,29,29135.0,53518,21042,19350
2011,29,29137.0,55039,14254,13444
2011,29,29139.0,16769,15196,14824
2011,29,29141.0,18383,19837,18855
2011,29,29143.0,39844,29595,27846
2011,29,29145.0,38638,74916,65367
2011,29,29147.0,75420,31188,29456
2011,29,29149.0,31863,16181,15390
2011,29,29151.0,26660,14261,13941
2011,29,29153.0,47995,17456,15502
2011,29,29155.0,284778,50573,41763
2011,29,29157.0,14623,22952,20917
2011,29,29159.0,57706,53749,50946
2011,29,29161.0,33509,65264,54143
2011,29,29163.0,42683,26132,22350
2011,29,29165.0,43246,182081,158012
2011,29,29167.0,50502,48448,46156
2011,29,29169.0,49182,79612,75133
2011,29,29171.0,8346,6689,6431
2011,29,29173.0,7342,7235,5473
2011,29,29175.0,47215,38906,35293
2011,29,29177.0,34973,30372,28858
2011,29,29179.0,48652,14326,12623
2011,29,29181.0,34831,20492,18595
2011,29,29183.0,49246,639634,549533
2011,29,29185.0,37670,12859,12307
2011,29,29186.0,10189,25861,20005
2011,29,29187.0,41697,97681,87436
2011,29,29189.0,322539,2197031,1864094
2011,29,29195.0,88663,36664,32124
2011,29,29197.0,7838,5677,5338
2011,29,29199.0,35014,6191,6066
2011,29,29201.0,56726,56555,53389
2011,29,29203.0,18510,8293,7823
2011,29,29205.0,19192,10929,10033
2011,29,29207.0,60265,46686,41042
2011,29,29209.0,41496,42529,36784
2011,29,29211.0,30290,11732,11053
2011,29,29213.0,61700,78415,63976
2011,29,29215.0,60006,35274,33348
2011,29,29217.0,38210,29272,28562
2011,29,29219.0,16308,44694,37363
2011,29,29221.0,36036,32969,30423
2011,29,29223.0,16493,17947,15637
2011,29,29225.0,31748,38726,36406
2011,29,29227.0,9236,3513,3367
2011,29,29229.0,45577,29948,28966
2011,29,29510.0,13670,381698,349388
2011,31,31001.0,47632,66234,61020
2011,31,31003.0,43582,26777,22144
2011,31,31005.0,16340,1795,1732
2011,31,31007.0,16251,2865,2779
2011,31,31009.0,19929,2382,2252
2011,31,31011.0,28866,10375,9584
2011,31,31013.0,23429,28560,22479
2011,31,31015.0,31681,5573,5459
2011,31,31017.0,11344,9719,9096
2011,31,31019.0,75810,107593,82874
2011,31,31021.0,35952,15336,14867
2011,31,31023.0,24711,17285,12716
2011,31,31025.0,53857,45288,39654
2011,31,31027.0,53179,15387,14230
2011,31,31029.0,26179,11938,9776
2011,31,31031.0,32443,12971,11461
2011,31,31033.0,39534,19462,17861
2011,31,31035.0,37034,20986,19245
2011,31,31037.0,54144,26330,22849
2011,31,31039.0,33564,20270,17850
2011,31,31041.0,85706,25631,23180
2011,31,31043.0,20584,41228,40329
2011,31,31045.0,24680,14502,13259
2011,31,31047.0,50395,55466,49558
2011,31,31049.0,28698,7059,6395
2011,31,31051.0,33892,25222,18244
2011,31,31053.0,47667,83406,63819
2011,31,31055.0,68019,1021807,928073
2011,31,31057.0,14501,6092,5496
2011,31,31059.0,47298,14987,12818
2011,31,31061.0,12015,4315,4037
2011,31,31063.0,40000,9109,8001
2011,31,31065.0,36223,15159,13497
2011,31,31067.0,45072,41526,38123
2011,31,31069.0,13544,4422,3684
2011,31,31071.0,10557,4135,4075
2011,31,31073.0,12829,3433,3233
2011,31,31075.0,17909,2564,2364
2011,31,31079.0,43111,130980,120036
2011,31,31081.0,35813,19568,18202
2011,31,31083.0,11441,4016,3478
2011,31,31085.0,17340,2993,2445
2011,31,31087.0,11745,6015,5478
2011,31,31089.0,72932,23626,22159
2011,31,31091.0,13950,3111,2818
2011,31,31093.0,35479,15903,13407
2011,31,31095.0,38180,19710,18305
2011,31,31097.0,24554,10106,9109
2011,31,31099.0,39970,16197,15265
2011,31,31101.0,23616,29468,20099
2011,31,31103.0,18902,2176,1928
2011,31,31105.0,11459,6535,6211
2011,31,31107.0,85951,22179,20441
2011,31,31109.0,48750,486153,403494
2011,31,31111.0,69909,58325,53766
2011,31,31113.0,12667,2773,2508
2011,31,31115.0,17989,1774,1601
2011,31,31117.0,14772,1915,1684
2011,31,31119.0,60186,61051,56429
2011,31,31121.0,21891,14051,10952
2011,31,31123.0,23682,12522,10872
2011,31,31125.0,22136,10543,9141
2011,31,31127.0,21101,18561,17581
2011,31,31129.0,10913,11438,4897
2011,31,31131.0,30693,35229,25789
2011,31,31133.0,26834,7124,6620
2011,31,31135.0,15544,7390,5798
2011,31,31137.0,35318,23559,21247
2011,31,31139.0,36026,15834,14995
2011,31,31141.0,33562,58462,52890
2011,31,31143.0,52821,18264,15243
2011,31,31145.0,22840,20709,17851
2011,31,31147.0,24046,15856,15011
2011,31,31149.0,16325,3453,3265
2011,31,31151.0,45948,32687,29081
2011,31,31153.0,39328,244580,223581
2011,31,31155.0,45737,31263,22933
2011,31,31157.0,49169,74133,66351
2011,31,31159.0,34399,41877,34131
2011,31,31161.0,28399,12421,11152
2011,31,31163.0,26432,6812,6071
2011,31,31165.0,23883,2549,2245
2011,31,31167.0,10143,5186,4737
2011,31,31169.0,48830,13849,12474
2011,31,31171.0,16563,2166,1855
2011,31,31173.0,62411,27748,24209
2011,31,31175.0,27901,16925,8629
2011,31,31177.0,34330,49262,44827
2011,31,31179.0,34037,18157,16337
2011,31,31181.0,21606,7612,7028
2011,31,31183.0,20682,2663,2275
2011,31,31185.0,34216,22715,20138
2011,40,40001.0,96331,42204,40355
2011,40,40003.0,30875,7211,6915
2011,40,40005.0,53593,20577,19749
2011,40,40007.0,43972,11678,11462
2011,40,40009.0,51028,29460,28865
2011,40,40011.0,37858,19241,17177
2011,40,40013.0,66646,63108,57850
2011,40,40015.0,94586,55079,52062
2011,40,40017.0,74617,185418,153323
2011,40,40019.0,69369,74068,70177
2011,40,40021.0,91939,64330,60770
2011,40,40023.0,51865,23594,22769
2011,40,40025.0,38661,5306,5237
2011,40,40027.0,42385,348493,300769
2011,40,40029.0,29767,12858,12385
2011,40,40031.0,81071,195891,176714
2011,40,40033.0,27654,13257,9915
2011,40,40035.0,38401,31570,27985
2011,40,40037.0,103660,103575,92843
2011,40,40039.0,47523,43687,40497
2011,40,40041.0,84693,62855,54323
2011,40,40043.0,43625,11014,10431
2011,40,40045.0,43957,10223,9006
2011,40,40047.0,73275,79100,76407
2011,40,40049.0,61810,42985,41157
2011,40,40051.0,88025,71303,64271
2011,40,40053.0,33607,7739,7576
2011,40,40055.0,17675,7998,7810
2011,40,40057.0,9190,5447,5027
2011,40,40059.0,17680,6749,6642
2011,40,40061.0,41034,20857,19216
2011,40,40063.0,46464,21098,19524
2011,40,40065.0,51311,41745,40271
2011,40,40067.0,37349,11504,11262
2011,40,40069.0,60018,16097,15388
2011,40,40071.0,49973,71208,66531
2011,40,40073.0,50933,32861,27716
2011,40,40075.0,41139,15999,15435
2011,40,40077.0,37278,17917,15030
2011,40,40079.0,147285,86288,78889
2011,40,40081.0,67205,46123,42379
2011,40,40083.0,36204,34777,33829
2011,40,40085.0,32882,14196,13447
2011,40,40087.0,49609,54373,45163
2011,40,40089.0,114623,61647,58997
2011,40,40091.0,49216,32248,29543
2011,40,40093.0,27616,11748,10331
2011,40,40095.0,14403,23184,21345
2011,40,40097.0,65376,64156,58308
2011,40,40099.0,13636,19232,16753
2011,40,40101.0,78958,110462,104322
2011,40,40103.0,40395,20910,18807
2011,40,40105.0,23752,16158,15620
2011,40,40107.0,48679,19564,18933
2011,40,40109.0,111398,998897,893461
2011,40,40111.0,70671,58787,56131
2011,40,40113.0,102762,38318,36055
2011,40,40115.0,56414,48682,46080
2011,40,40117.0,24458,21820,20258
2011,40,40119.0,54853,89237,85136
2011,40,40121.0,117995,67783,65008
2011,40,40123.0,58791,63510,55853
2011,40,40125.0,103871,101926,95420
2011,40,40127.0,69805,23804,20361
2011,40,40129.0,26122,6204,5853
2011,40,40131.0,66696,121073,109196
2011,40,40133.0,85357,43297,40846
2011,40,40135.0,98859,71945,69006
2011,40,40137.0,60996,63841,62172
2011,40,40139.0,100650,35601,34731
2011,40,40141.0,44134,17714,16384
2011,40,40143.0,98871,1052668,866016
2011,40,40145.0,28919,48817,46703
2011,40,40147.0,30104,69288,61959
2011,40,40149.0,34546,20077,18542
2011,40,40151.0,43015,14257,13315
2011,40,40153.0,38945,31361,27213
2012,8,8001.0,56480,825070,701276
2012,8,8003.0,18388,27168,23953
2012,8,8005.0,69417,1128304,999057
2012,8,8007.0,9223,14388,12981
2012,8,8009.0,61717,9450,8997
2012,8,8011.0,17231,7971,7109
2012,8,8013.0,17491,658727,523832
2012,8,8015.0,18760,43810,19886
2012,8,8017.0,29524,5132,4698
2012,8,8019.0,9825,12493,9962
2012,8,8021.0,30384,15964,14760
2012,8,8023.0,21472,7350,5562
2012,8,8025.0,8251,4316,3952
2012,8,8027.0,9196,4267,4074
2012,8,8029.0,7484,48146,40766
2012,8,8031.0,10075,1055656,857395
2012,8,8033.0,10341,3388,3030
2012,8,8035.0,7426,532576,469515
2012,8,8037.0,9863,79990,63913
2012,8,8039.0,99192,34999,31100
2012,8,8041.0,122465,969678,884593
2012,8,8043.0,27590,48263,44240
2012,8,8045.0,25276,111338,93744
2012,8,8047.0,11847,4939,4502
2012,8,8049.0,21393,21003,17916
2012,8,8051.0,8335,19252,15387
2012,8,8053.0,16066,1530,1468
2012,8,8055.0,20387,9061,7637
2012,8,8057.0,13117,2685,2571
2012,8,8059.0,8439,790472,724170
2012,8,8061.0,23967,3366,3219
2012,8,8063.0,58248,14487,13524
2012,8,8065.0,8531,24750,15533
2012,8,8067.0,29480,74344,66105
2012,8,8069.0,26480,432403,382494
2012,8,8071.0,77935,25210,23334
2012,8,8073.0,28992,16847,12898
2012,8,8075.0,42559,30645,26540
2012,8,8077.0,28776,187265,175205
2012,8,8079.0,18469,1652,1496
2012,8,8081.0,9595,23943,22110
2012,8,8083.0,25187,34578,32462
2012,8,8085.0,17253,54160,47610
2012,8,8087.0,34241,46921,43349
2012,8,8089.0,60867,36484,32810
2012,8,8091.0,25011,7730,6678
2012,8,8093.0,20869,41385,16683
2012,8,8095.0,17385,15331,11840
2012,8,8097.0,13570,27832,23232
2012,8,8099.0,36686,31691,21211
2012,8,8101.0,15378,234568,215722
2012,8,8103.0,16402,15824,11954
2012,8,8105.0,25333,41001,17559
2012,8,8107.0,35721,41369,34093
2012,8,8109.0,40193,36668,11850
2012,8,8111.0,17508,7278,1138
2012,8,8113.0,22728,13662,12757
2012,8,8115.0,21652,7811,7272
2012,8,8117.0,10341,36484,32649
2012,8,8119.0,21202,31369,27119
2012,8,8121.0,65853,28053,10452
2012,8,8123.0,118277,329518,299951
2012,8,8125.0,49080,20521,16929
2012,20,20001.0,33822,26667,25270
2012,20,20003.0,22309,26597,13634
2012,20,20005.0,21820,26587,24916
2012,20,20007.0,24196,9235,8405
2012,20,20009.0,29205,44062,41070
2012,20,20011.0,19416,23160,22013
2012,20,20013.0,23506,18751,17222
2012,20,20015.0,86977,190385,133102
2012,20,20017.0,11461,4605,4298
2012,20,20019.0,22040,6837,6061
2012,20,20021.0,41467,41396,39182
2012,20,20023.0,26590,6042,5471
2012,20,20025.0,23595,6173,5839
2012,20,20027.0,9643,15076,13375
2012,20,20029.0,23769,16071,15390
2012,20,20031.0,35566,22379,18426
2012,20,20033.0,10488,4073,3805
2012,20,20035.0,51762,70231,60338
2012,20,20037.0,51657,65832,61040
2012,20,20039.0,12574,4868,4401
2012,20,20041.0,52123,58114,38900
2012,20,20043.0,35224,18380,17418
2012,20,20045.0,27259,151620,132809
2012,20,20047.0,29165,6418,5932
2012,20,20049.0,26747,7023,6915
2012,20,20051.0,32350,42297,38250
2012,20,20053.0,23251,15276,14149
2012,20,20055.0,18933,101969,84966
2012,20,20057.0,30737,85030,73597
2012,20,20059.0,42459,51293,46488
2012,20,20061.0,9399,89552,77665
2012,20,20063.0,43869,6886,6398
2012,20,20065.0,9950,4948,4219
2012,20,20067.0,8738,15944,15442
2012,20,20069.0,44918,15650,14165
2012,20,20071.0,12397,3349,2715
2012,20,20073.0,37913,12321,11542
2012,20,20075.0,11400,6082,5552
2012,20,20077.0,22410,12636,11622
2012,20,20079.0,47890,62632,56376
2012,20,20081.0,24480,12218,10168
2012,20,20083.0,12188,4432,3888
2012,20,20085.0,31118,27714,25039
2012,20,20087.0,64444,43698,40455
2012,20,20089.0,12487,4292,3971
2012,20,20091.0,53391,1050930,866211
2012,20,20093.0,24236,12345,11105
2012,20,20095.0,23512,13883,12974
2012,20,20097.0,23101,7533,6704
2012,20,20099.0,41421,44045,39746
2012,20,20101.0,31093,4878,4308
2012,20,20103.0,53012,132077,115317
2012,20,20105.0,22284,7717,7133
2012,20,20107.0,33509,22647,21290
2012,20,20109.0,25186,6626,6029
2012,20,20111.0,33017,60398,55678
2012,20,20113.0,50088,49705,45604
2012,20,20115.0,55633,24950,23077
2012,20,20117.0,31685,20091,18657
2012,20,20119.0,24548,8210,7422
2012,20,20121.0,27246,49741,45901
2012,20,20123.0,23919,14227,13645
2012,20,20125.0,36001,60664,53591
2012,20,20127.0,10566,16097,8305
2012,20,20129.0,23220,12373,11273
2012,20,20131.0,21612,23040,20586
2012,20,20133.0,21953,30478,25719
2012,20,20135.0,24955,5983,5531
2012,20,20137.0,22874,11393,10717
2012,20,20139.0,51980,31495,29716
2012,20,20141.0,12325,4266,4018
2012,20,20143.0,21338,14384,13184
2012,20,20145.0,20696,12460,11973
2012,20,20147.0,24728,10405,9423
2012,20,20149.0,39305,52823,38020
2012,20,20151.0,20266,17566,15526
2012,20,20153.0,11978,4083,3857
2012,20,20155.0,63440,114591,97912
2012,20,20157.0,22844,8592,8240
2012,20,20159.0,46617,27090,20771
2012,20,20161.0,32729,122876,71999
2012,20,20163.0,37782,11897,10269
2012,20,20165.0,25019,6344,5978
2012,20,20167.0,26471,12744,11176
2012,20,20169.0,30878,100524,88548
2012,20,20171.0,10296,10791,9575
2012,20,20173.0,87016,974463,783230
2012,20,20175.0,21205,57421,54117
2012,20,20177.0,46182,329752,278473
2012,20,20179.0,10339,4062,3815
2012,20,20181.0,9250,10531,9576
2012,20,20183.0,25229,9001,8508
2012,20,20185.0,41438,12728,11328
2012,20,20187.0,11631,5974,5583
2012,20,20189.0,23152,18319,13880
2012,20,20191.0,79917,44692,40943
2012,20,20193.0,40227,13666,12748
2012,20,20195.0,10594,5222,4163
2012,20,20197.0,23485,13122,11500
2012,20,20199.0,26467,4210,3970
2012,20,20201.0,32674,13798,13134
2012,20,20203.0,11391,5872,5126
2012,20,20205.0,35009,19167,17763
2012,20,20207.0,11643,5724,5507
2012,20,20209.0,36536,326227,298385
2012,29,29001.0,28597,29703,27074
2012,29,29003.0,25159,24165,23572
2012,29,29005.0,33483,11738,9914
2012,29,29007.0,28034,32590,29275
2012,29,29009.0,65794,60871,54478
2012,29,29011.0,25695,18679,18002
2012,29,29013.0,64250,26784,24274
2012,29,29015.0,24020,22216,20879
2012,29,29017.0,31192,15574,14538
2012,29,29019.0,48747,268329,207167
2012,29,29021.0,37327,136429,125614
2012,29,29023.0,23306,53664,51105
2012,29,29025.0,98500,17300,16141
2012,29,29027.0,34659,47295,42251
2012,29,29029.0,39419,55513,50839
2012,29,29031.0,45145,114806,81869
2012,29,29033.0,51771,16640,14790
2012,29,29035.0,17228,11771,11260
2012,29,29037.0,88770,174624,156048
2012,29,29039.0,15113,19311,18184
2012,29,29041.0,41562,11998,11301
2012,29,29043.0,53472,127247,109438
2012,29,29045.0,21081,10405,8654
2012,29,29047.0,65390,440766,375887
2012,29,29049.0,25763,32592,29904
2012,29,29051.0,32135,112834,97856
2012,29,29053.0,58430,24506,22598
2012,29,29055.0,22924,28883,26485
2012,29,29057.0,38798,10898,10218
2012,29,29059.0,8803,16870,15910
2012,29,29061.0,59174,12433,12084
2012,29,29063.0,39548,10732,10308
2012,29,29065.0,41641,20641,17526
2012,29,29067.0,26514,15355,14594
2012,29,29069.0,55779,50678,48495
2012,29,29071.0,92520,171250,142248
2012,29,29073.0,15831,26941,23635
2012,29,29075.0,30517,12271,11784
2012,29,29077.0,61448,375665,322165
2012,29,29079.0,63792,15868,14434
2012,29,29081.0,51007,14474,13793
2012,29,29083.0,85630,28267,25519
2012,29,29085.0,36798,17360,15340
2012,29,29087.0,42672,7535,7035
2012,29,29089.0,23380,12000,11562
2012,29,29091.0,63107,62886,55987
2012,29,29093.0,36530,19998,17525
2012,29,29095.0,116706,1087751,967471
2012,29,29097.0,57161,218303,167246
2012,29,29099.0,96132,352012,317955
2012,29,29101.0,67811,73971,67513
2012,29,29103.0,9528,5378,4974
2012,29,29105.0,32698,50224,45862
2012,29,29107.0,52958,51844,47675
2012,29,29109.0,47849,54817,48587
2012,29,29111.0,17489,13605,13128
2012,29,29113.0,31555,76091,69474
2012,29,29115.0,47063,22985,21369
2012,29,29117.0,31965,20441,19129
2012,29,29119.0,8063,31493,29359
2012,29,29121.0,60152,22512,20527
2012,29,29123.0,19586,20811,20138
2012,29,29125.0,15785,11369,10742
2012,29,29127.0,23916,53088,41869
2012,29,29129.0,19296,6960,6332
2012,29,29131.0,41936,47648,43624
2012,29,29133.0,14712,17475,16520
2012,29,29135.0,54685,20787,19324
2012,29,29137.0,51902,14312,13439
2012,29,29139.0,17754,16338,15409
2012,29,29141.0,17782,19110,18064
2012,29,29143.0,40184,27978,26786
2012,29,29145.0,40407,72018,66042
2012,29,29147.0,75037,31282,29173
2012,29,29149.0,33003,16194,15556
2012,29,29151.0,27399,13966,13679
2012,29,29153.0,47751,16094,15010
2012,29,29155.0,256995,41722,39967
2012,29,29157.0,14440,22957,20901
2012,29,29159.0,53862,53602,50810
2012,29,29161.0,34590,69084,55499
2012,29,29163.0,40987,23409,22027
2012,29,29165.0,41773,193667,158749
2012,29,29167.0,51906,49068,45740
2012,29,29169.0,51773,95394,76496
2012,29,29171.0,8954,7427,6592
2012,29,29173.0,7497,6480,5516
2012,29,29175.0,46477,40176,34525
2012,29,29177.0,34124,28483,27217
2012,29,29179.0,51679,14706,13345
2012,29,29181.0,36089,19384,18275
2012,29,29183.0,48704,635719,549081
2012,29,29185.0,37664,12644,11906
2012,29,29186.0,10638,26813,20446
2012,29,29187.0,40993,93227,86787
2012,29,29189.0,327033,2218799,1861710
2012,29,29195.0,88772,33376,31128
2012,29,29197.0,7617,5275,5042
2012,29,29199.0,37331,6351,6159
2012,29,29201.0,58751,57163,52426
2012,29,29203.0,18492,7803,7265
2012,29,29205.0,19315,10393,10026
2012,29,29207.0,59826,43869,40335
2012,29,29209.0,42681,40608,37199
2012,29,29211.0,31210,11021,10579
2012,29,29213.0,63990,82250,66711
2012,29,29215.0,59337,33989,32418
2012,29,29217.0,37637,29797,28885
2012,29,29219.0,16935,42154,38124
2012,29,29221.0,36421,33914,30799
2012,29,29223.0,16297,15696,15027
2012,29,29225.0,32446,41537,36912
2012,29,29227.0,9370,3266,3181
2012,29,29229.0,45382,30220,28255
2012,29,29510.0,13275,390955,334776
2012,31,31001.0,51471,72562,63690
2012,31,31003.0,44320,24864,22625
2012,31,31005.0,16648,1844,1748
2012,31,31007.0,17747,2963,2804
2012,31,31009.0,20043,2404,2305
2012,31,31011.0,30978,11242,10103
2012,31,31013.0,24656,27843,23410
2012,31,31015.0,33847,5669,5559
2012,31,31017.0,12838,10066,9864
2012,31,31019.0,76735,107120,86929
2012,31,31021.0,36233,16083,14931
2012,31,31023.0,26981,15278,13165
2012,31,31025.0,55573,48760,40572
2012,31,31027.0,56901,16297,14392
2012,31,31029.0,28564,14098,10251
2012,31,31031.0,32097,12190,11825
2012,31,31033.0,41013,20836,19002
2012,31,31035.0,37377,20929,19190
2012,31,31037.0,58783,32175,26908
2012,31,31039.0,35480,22633,18850
2012,31,31041.0,86823,29000,23847
2012,31,31043.0,24402,49616,48841
2012,31,31045.0,24035,13659,13068
2012,31,31047.0,57254,63908,60347
2012,31,31049.0,29774,7554,6845
2012,31,31051.0,37225,23099,18990
2012,31,31053.0,48762,89582,65876
2012,31,31055.0,72644,1116420,990121
2012,31,31057.0,14161,5891,5707
2012,31,31059.0,50100,15237,13041
2012,31,31061.0,12308,5000,4357
2012,31,31063.0,43435,9610,8640
2012,31,31065.0,39743,16224,14569
2012,31,31067.0,46418,46270,39469
2012,31,31069.0,14895,4511,3813
2012,31,31071.0,11202,4508,4324
2012,31,31073.0,13290,3447,3296
2012,31,31075.0,18152,2654,2396
2012,31,31079.0,43865,145836,128146
2012,31,31081.0,38472,19897,18370
2012,31,31083.0,12908,4411,3795
2012,31,31085.0,17210,2682,2461
2012,31,31087.0,12332,8771,5829
2012,31,31089.0,74424,23585,22316
2012,31,31091.0,15065,3117,2772
2012,31,31093.0,37880,16421,14362
2012,31,31095.0,40166,21963,19159
2012,31,31097.0,26749,10244,9659
2012,31,31099.0,42585,17298,16259
2012,31,31101.0,24909,24183,19951
2012,31,31103.0,19392,2221,1978
2012,31,31105.0,11382,6706,6374
2012,31,31107.0,89933,22746,21125
2012,31,31109.0,51390,493340,422826
2012,31,31111.0,72459,61210,56603
2012,31,31113.0,12995,2945,2638
2012,31,31115.0,18484,1921,1719
2012,31,31117.0,15245,1714,1678
2012,31,31119.0,62781,62507,58361
2012,31,31121.0,23054,13296,11372
2012,31,31123.0,26289,13031,11925
2012,31,31125.0,24661,10810,9748
2012,31,31127.0,22539,19398,18374
2012,31,31129.0,11429,7845,5342
2012,31,31131.0,32412,32213,28029
2012,31,31133.0,28750,6929,6789
2012,31,31135.0,15349,7011,6032
2012,31,31137.0,38678,24315,22395
2012,31,31139.0,37359,17300,15255
2012,31,31141.0,35421,64568,56117
2012,31,31143.0,55547,19537,17138
2012,31,31145.0,24448,20415,19333
2012,31,31147.0,25300,17229,15941
2012,31,31149.0,16188,3487,3270
2012,31,31151.0,49070,34057,31652
2012,31,31153.0,40878,267293,237045
2012,31,31155.0,57669,33525,29207
2012,31,31157.0,52162,83034,71548
2012,31,31159.0,36334,42149,28296
2012,31,31161.0,27216,11960,10929
2012,31,31163.0,28904,6746,6217
2012,31,31165.0,24358,2544,2314
2012,31,31167.0,11292,5732,5059
2012,31,31169.0,51383,14709,13060
2012,31,31171.0,16198,2116,1798
2012,31,31173.0,60644,30282,26475
2012,31,31175.0,28120,11236,8718
2012,31,31177.0,31057,38722,35168
2012,31,31179.0,36767,22591,17227
2012,31,31181.0,23381,8025,7402
2012,31,31183.0,22125,2498,2301
2012,31,31185.0,36515,25628,21073
2012,40,40001.0,108239,43261,40968
2012,40,40003.0,31612,8004,7262
2012,40,40005.0,52367,20877,18943
2012,40,40007.0,45424,12790,11616
2012,40,40009.0,47015,29375,28400
2012,40,40011.0,38849,19957,17511
2012,40,40013.0,66380,62311,58126
2012,40,40015.0,94753,55888,51697
2012,40,40017.0,76525,185592,158497
2012,40,40019.0,68840,77503,70206
2012,40,40021.0,95454,65325,60886
2012,40,40023.0,53681,22112,21320
2012,40,40025.0,37113,5575,5164
2012,40,40027.0,42076,357197,300538
2012,40,40029.0,30889,13259,12866
2012,40,40031.0,77055,189120,171561
2012,40,40033.0,26719,10791,9426
2012,40,40035.0,38603,32044,26480
2012,40,40037.0,104710,101101,93577
2012,40,40039.0,47517,46857,41736
2012,40,40041.0,81278,58132,52661
2012,40,40043.0,47836,11152,10603
2012,40,40045.0,48767,11004,9958
2012,40,40047.0,73286,95057,80646
2012,40,40049.0,61011,43773,40495
2012,40,40051.0,88582,71319,64885
2012,40,40053.0,33962,8829,8622
2012,40,40055.0,17223,7990,7897
2012,40,40057.0,9087,5260,4998
2012,40,40059.0,19332,7597,6787
2012,40,40061.0,45046,20322,19539
2012,40,40063.0,47920,22832,20320
2012,40,40065.0,48549,39736,38045
2012,40,40067.0,37463,11444,11226
2012,40,40069.0,60031,15705,15335
2012,40,40071.0,47904,69420,65199
2012,40,40073.0,54163,33985,27789
2012,40,40075.0,37361,14798,14088
2012,40,40077.0,36550,15318,14653
2012,40,40079.0,143691,82145,77831
2012,40,40081.0,67477,44098,41588
2012,40,40083.0,34635,34420,33774
2012,40,40085.0,31302,16569,13295
2012,40,40087.0,52872,60841,52517
2012,40,40089.0,113881,58647,56060
2012,40,40091.0,53498,32116,29079
2012,40,40093.0,28780,11924,10552
2012,40,40095.0,15593,25146,23014
2012,40,40097.0,66829,66447,57155
2012,40,40099.0,13295,18207,17082
2012,40,40101.0,79779,110471,103038
2012,40,40103.0,40597,20627,17837
2012,40,40105.0,23158,15849,15092
2012,40,40107.0,42685,26343,25366
2012,40,40109.0,108576,1003509,898360
2012,40,40111.0,69449,59906,54433
2012,40,40113.0,101529,37761,35677
2012,40,40115.0,57129,47421,45929
2012,40,40117.0,25594,20571,19757
2012,40,40119.0,52292,89784,82595
2012,40,40121.0,128218,68447,65936
2012,40,40123.0,59250,62496,57386
2012,40,40125.0,105044,103129,95080
2012,40,40127.0,69114,21075,19953
2012,40,40129.0,26797,7119,6310
2012,40,40131.0,64501,113400,103579
2012,40,40133.0,85285,43546,40851
2012,40,40135.0,101723,71101,68750
2012,40,40137.0,60656,63919,59146
2012,40,40139.0,96647,36021,35355
2012,40,40141.0,40887,15094,14622
2012,40,40143.0,96565,992834,852614
2012,40,40145.0,27861,55735,46494
2012,40,40147.0,30104,64059,60967
2012,40,40149.0,32907,19996,18327
2012,40,40151.0,39198,13720,13158
2012,40,40153.0,39594,31863,26821
2013,8,8001.0,57411,810496,712403
2013,8,8003.0,18551,28917,24742
2013,8,8005.0,69127,1177161,1023312
2013,8,8007.0,9956,15885,13700
2013,8,8009.0,74397,9015,8745
2013,8,8011.0,17988,7868,7053
2013,8,8013.0,17258,637139,529754
2013,8,8015.0,19549,29997,21039
2013,8,8017.0,32953,5221,4903
2013,8,8019.0,10596,11976,10423
2013,8,8021.0,31236,31049,15039
2013,8,8023.0,24742,6812,5768
2013,8,8025.0,9930,4653,4429
2013,8,8027.0,9309,4039,3854
2013,8,8029.0,7557,44770,41747
2013,8,8031.0,10041,1090516,881471
2013,8,8033.0,10399,3328,2995
2013,8,8035.0,7818,598872,505847
2013,8,8037.0,9685,80430,62269
2013,8,8039.0,93226,34068,28539
2013,8,8041.0,125640,1016694,907774
2013,8,8043.0,26406,48139,43351
2013,8,8045.0,26487,115254,97176
2013,8,8047.0,12788,5166,4770
2013,8,8049.0,21420,19911,17408
2013,8,8051.0,8483,18841,15659
2013,8,8053.0,17914,1510,1455
2013,8,8055.0,21264,8080,7567
2013,8,8057.0,12515,2722,2578
2013,8,8059.0,8517,834668,728799
2013,8,8061.0,26156,3500,3273
2013,8,8063.0,58126,15284,13596
2013,8,8065.0,9038,25955,15000
2013,8,8067.0,29558,99018,68637
2013,8,8069.0,25806,430919,378992
2013,8,8071.0,73838,22941,21577
2013,8,8073.0,34478,16587,13029
2013,8,8075.0,44314,30270,27530
2013,8,8077.0,28984,186951,174670
2013,8,8079.0,20885,1784,1629
2013,8,8081.0,8557,21162,19519
2013,8,8083.0,24513,35765,32022
2013,8,8085.0,19894,58765,51820
2013,8,8087.0,35339,49214,44255
2013,8,8089.0,64215,35842,32735
2013,8,8091.0,26672,7198,6718
2013,8,8093.0,19289,23708,15724
2013,8,8095.0,17107,15053,11987
2013,8,8097.0,13604,29298,24328
2013,8,8099.0,37559,42874,20993
2013,8,8101.0,15193,226770,210567
2013,8,8103.0,17420,17506,13142
2013,8,8105.0,25967,26103,17228
2013,8,8107.0,35643,41288,36935
2013,8,8109.0,41912,22472,12152
2013,8,8111.0,22871,2096,1558
2013,8,8113.0,23035,14860,13457
2013,8,8115.0,21207,10139,8527
2013,8,8117.0,10464,36927,33065
2013,8,8119.0,22314,30738,27107
2013,8,8121.0,71279,16410,11070
2013,8,8123.0,120130,366351,316824
2013,8,8125.0,47590,32180,17607
2013,20,20001.0,33603,28133,26012
2013,20,20003.0,22188,17472,13641
2013,20,20005.0,21936,27051,24616
2013,20,20007.0,22327,8936,8179
2013,20,20009.0,29044,46748,41077
2013,20,20011.0,19924,23572,22162
2013,20,20013.0,23639,18391,17219
2013,20,20015.0,87316,189218,134796
2013,20,20017.0,11803,4528,4320
2013,20,20019.0,23207,6966,6295
2013,20,20021.0,42588,43908,39798
2013,20,20023.0,28660,5665,5450
2013,20,20025.0,25407,6499,5918
2013,20,20027.0,9583,14473,13436
2013,20,20029.0,26726,16114,15553
2013,20,20031.0,34519,22729,18030
2013,20,20033.0,11284,4440,4051
2013,20,20035.0,52498,65581,59635
2013,20,20037.0,53027,67174,63382
2013,20,20039.0,11910,4671,4371
2013,20,20041.0,54610,54200,39950
2013,20,20043.0,36293,18124,16941
2013,20,20045.0,28198,151871,137187
2013,20,20047.0,30813,6294,5925
2013,20,20049.0,27174,7034,6866
2013,20,20051.0,30307,42308,38573
2013,20,20053.0,23423,15054,13768
2013,20,20055.0,19581,99731,87577
2013,20,20057.0,31332,83712,73771
2013,20,20059.0,43679,50471,47072
2013,20,20061.0,9439,94930,79758
2013,20,20063.0,46541,7544,6814
2013,20,20065.0,10135,4964,4277
2013,20,20067.0,8832,16512,15627
2013,20,20069.0,52688,18668,15210
2013,20,20071.0,13294,3403,2848
2013,20,20073.0,39731,12827,11992
2013,20,20075.0,11720,6255,5778
2013,20,20077.0,22924,13295,12076
2013,20,20079.0,49406,60829,56551
2013,20,20081.0,25716,11992,10227
2013,20,20083.0,11367,4495,3717
2013,20,20085.0,31083,27878,25267
2013,20,20087.0,65760,45546,40420
2013,20,20089.0,10224,3802,3374
2013,20,20091.0,53290,1080062,872236
2013,20,20093.0,25407,12800,10998
2013,20,20095.0,24132,13912,13178
2013,20,20097.0,24466,9922,6959
2013,20,20099.0,41976,43596,40072
2013,20,20101.0,29562,5080,4426
2013,20,20103.0,53470,137739,117089
2013,20,20105.0,22935,7614,7278
2013,20,20107.0,32278,30866,20609
2013,20,20109.0,24084,6751,6143
2013,20,20111.0,32707,59289,55296
2013,20,20113.0,53156,68536,48059
2013,20,20115.0,56850,25321,23328
2013,20,20117.0,31607,20750,19240
2013,20,20119.0,23854,8124,7352
2013,20,20121.0,27519,50648,46553
2013,20,20123.0,23182,14002,13031
2013,20,20125.0,37597,60808,55308
2013,20,20127.0,10850,16700,8170
2013,20,20129.0,21697,13464,11862
2013,20,20131.0,21269,21871,19953
2013,20,20133.0,21726,29369,25318
2013,20,20135.0,24810,6319,5614
2013,20,20137.0,24397,11160,10651
2013,20,20139.0,53490,32763,30352
2013,20,20141.0,12972,4512,4190
2013,20,20143.0,21801,14777,13589
2013,20,20145.0,20087,13324,12019
2013,20,20147.0,24817,10277,9533
2013,20,20149.0,39329,46367,38763
2013,20,20151.0,19800,17396,15936
2013,20,20153.0,12192,4116,3865
2013,20,20155.0,63724,114927,97720
2013,20,20157.0,23381,8898,8097
2013,20,20159.0,46658,23446,20988
2013,20,20161.0,34815,97809,73792
2013,20,20163.0,42697,11905,10803
2013,20,20165.0,24987,6640,6088
2013,20,20167.0,24796,11587,10784
2013,20,20169.0,31118,98019,88988
2013,20,20171.0,10396,11119,10011
2013,20,20173.0,89178,958325,816941
2013,20,20175.0,20843,58436,54952
2013,20,20177.0,47040,315807,283125
2013,20,20179.0,10145,4122,3855
2013,20,20181.0,9332,11083,10013
2013,20,20183.0,25367,8842,8233
2013,20,20185.0,40409,12218,11535
2013,20,20187.0,11724,6555,5522
2013,20,20189.0,25484,16342,14445
2013,20,20191.0,78822,44768,41543
2013,20,20193.0,33989,14583,12951
2013,20,20195.0,11168,4671,4379
2013,20,20197.0,23677,12660,11495
2013,20,20199.0,27427,4570,4148
2013,20,20201.0,33720,13922,13371
2013,20,20203.0,12248,5606,5230
2013,20,20205.0,33315,19463,18384
2013,20,20207.0,12085,5959,5801
2013,20,20209.0,36283,336498,288536
2013,29,29001.0,29138,31914,27476
2013,29,29003.0,23747,24817,24096
2013,29,29005.0,36459,11632,9968
2013,29,29007.0,28450,33160,30196
2013,29,29009.0,62170,61033,55766
2013,29,29011.0,26881,19290,18377
2013,29,29013.0,64444,26658,24991
2013,29,29015.0,23400,22279,21041
2013,29,29017.0,32271,15536,14964
2013,29,29019.0,49151,273339,220140
2013,29,29021.0,37225,145776,126535
2013,29,29023.0,24255,55385,53079
2013,29,29025.0,82060,17362,16137
2013,29,29027.0,35048,46481,42382
2013,29,29029.0,39903,57781,51910
2013,29,29031.0,42916,105273,84234
2013,29,29033.0,53273,16325,15084
2013,29,29035.0,17660,11647,11070
2013,29,29037.0,83612,176913,159885
2013,29,29039.0,15636,19685,18440
2013,29,29041.0,42616,12387,11609
2013,29,29043.0,57102,143413,115366
2013,29,29045.0,17995,9965,9181
2013,29,29047.0,60424,428138,389067
2013,29,29049.0,26454,33498,30933
2013,29,29051.0,32999,110874,100684
2013,29,29053.0,57343,24507,22899
2013,29,29055.0,22235,29767,26697
2013,29,29057.0,37849,12209,10433
2013,29,29059.0,8911,17122,16128
2013,29,29061.0,54574,12830,12255
2013,29,29063.0,44251,11334,10624
2013,29,29065.0,34601,20142,17560
2013,29,29067.0,23546,14465,13753
2013,29,29069.0,55746,52373,48688
2013,29,29071.0,80714,172426,148280
2013,29,29073.0,17014,27797,24662
2013,29,29075.0,31029,12333,12048
2013,29,29077.0,62704,386280,330879
2013,29,29079.0,52958,16246,14851
2013,29,29081.0,52148,14658,14116
2013,29,29083.0,66025,29524,26663
2013,29,29085.0,37492,17406,15312
2013,29,29087.0,39845,7502,7023
2013,29,29089.0,24188,12674,12052
2013,29,29091.0,58269,64344,56545
2013,29,29093.0,36005,20120,18243
2013,29,29095.0,118248,1123955,994292
2013,29,29097.0,54816,241782,170789
2013,29,29099.0,97020,361384,322677
2013,29,29101.0,63665,74357,68031
2013,29,29103.0,10357,6798,5265
2013,29,29105.0,30993,50823,46964
2013,29,29107.0,54138,53328,47385
2013,29,29109.0,48034,53751,48034
2013,29,29111.0,17346,13845,13269
2013,29,29113.0,33552,84450,73822
2013,29,29115.0,49253,23414,22025
2013,29,29117.0,28199,21767,19810
2013,29,29119.0,7958,32383,30525
2013,29,29121.0,59983,22596,21458
2013,29,29123.0,18624,20841,17960
2013,29,29125.0,15467,11427,10739
2013,29,29127.0,24605,51261,43158
2013,29,29129.0,19937,6952,6575
2013,29,29131.0,44769,49543,44638
2013,29,29133.0,15301,18504,17338
2013,29,29135.0,50894,21491,19648
2013,29,29137.0,45736,15286,13683
2013,29,29139.0,18259,16792,15450
2013,29,29141.0,15876,17592,16776
2013,29,29143.0,39092,28314,26973
2013,29,29145.0,39889,78382,68393
2013,29,29147.0,77449,32038,29407
2013,29,29149.0,40505,16875,15871
2013,29,29151.0,27948,14136,13705
2013,29,29153.0,51072,15697,14890
2013,29,29155.0,281504,40643,39369
2013,29,29157.0,16952,22829,21340
2013,29,29159.0,52516,55776,52945
2013,29,29161.0,32993,63636,57302
2013,29,29163.0,38720,24217,22350
2013,29,29165.0,42405,196712,165083
2013,29,29167.0,59070,50608,46922
2013,29,29169.0,49391,91084,81940
2013,29,29171.0,9194,7687,6669
2013,29,29173.0,7764,6149,5684
2013,29,29175.0,45992,48716,35408
2013,29,29177.0,33384,29204,27898
2013,29,29179.0,49978,14715,13541
2013,29,29181.0,31098,20159,18330
2013,29,29183.0,49928,631877,568486
2013,29,29185.0,34471,12114,11618
2013,29,29186.0,11024,22574,20885
2013,29,29187.0,41837,95031,88488
2013,29,29189.0,352139,2106915,1862209
2013,29,29195.0,81332,33984,31542
2013,29,29197.0,8175,5801,5342
2013,29,29199.0,27241,6294,6041
2013,29,29201.0,55757,57376,53449
2013,29,29203.0,20788,7827,7588
2013,29,29205.0,18838,10308,9868
2013,29,29207.0,61876,47508,41156
2013,29,29209.0,46304,43906,38442
2013,29,29211.0,32144,11493,10683
2013,29,29213.0,64499,103182,69889
2013,29,29215.0,55072,34571,32682
2013,29,29217.0,38054,33524,28455
2013,29,29219.0,17259,43593,39683
2013,29,29221.0,34871,36830,31532
2013,29,29223.0,16315,16267,15184
2013,29,29225.0,33024,40503,37465
2013,29,29227.0,8878,3151,3040
2013,29,29229.0,41014,30991,28328
2013,29,29510.0,10655,427624,349850
2013,31,31001.0,54323,73835,65290
2013,31,31003.0,43736,26270,23064
2013,31,31005.0,18330,1967,1833
2013,31,31007.0,20743,3042,2904
2013,31,31009.0,21575,2568,2287
2013,31,31011.0,32019,12116,10454
2013,31,31013.0,25312,24114,23304
2013,31,31015.0,36371,5894,5685
2013,31,31017.0,13249,10679,9934
2013,31,31019.0,80199,96493,87903
2013,31,31021.0,38743,20089,15967
2013,31,31023.0,27488,15415,13705
2013,31,31025.0,59455,47116,42604
2013,31,31027.0,58443,17026,14853
2013,31,31029.0,28095,12343,10241
2013,31,31031.0,33392,12772,12165
2013,31,31033.0,41791,21745,19542
2013,31,31035.0,37980,20644,19512
2013,31,31037.0,60665,29792,27380
2013,31,31039.0,36971,21302,19213
2013,31,31041.0,93744,32719,25413
2013,31,31043.0,24380,49853,48727
2013,31,31045.0,25029,14557,13719
2013,31,31047.0,57090,67353,59585
2013,31,31049.0,32976,7541,7228
2013,31,31051.0,38953,21718,19988
2013,31,31053.0,49969,77349,69284
2013,31,31055.0,73373,1120513,1017554
2013,31,31057.0,14708,6186,5839
2013,31,31059.0,52087,16168,13450
2013,31,31061.0,14226,4896,4524
2013,31,31063.0,46617,10183,9088
2013,31,31065.0,41570,16917,15123
2013,31,31067.0,49260,50531,41113
2013,31,31069.0,16110,4754,3963
2013,31,31071.0,12052,4583,4399
2013,31,31073.0,13966,3602,3296
2013,31,31075.0,16524,2643,2429
2013,31,31079.0,45482,143611,132210
2013,31,31081.0,40966,20508,19262
2013,31,31083.0,14208,4333,4021
2013,31,31085.0,20033,2760,2444
2013,31,31087.0,12511,11364,6054
2013,31,31089.0,75783,24226,22844
2013,31,31091.0,16842,4068,2880
2013,31,31093.0,43353,16409,14990
2013,31,31095.0,43216,21898,19756
2013,31,31097.0,25896,10534,9713
2013,31,31099.0,42853,18171,16342
2013,31,31101.0,25812,23617,20704
2013,31,31103.0,22011,2428,2069
2013,31,31105.0,12447,6995,6821
2013,31,31107.0,93678,24309,22543
2013,31,31109.0,53471,499705,435878
2013,31,31111.0,72483,63067,57876
2013,31,31113.0,12748,2924,2677
2013,31,31115.0,20466,1938,1801
2013,31,31117.0,18657,1925,1847
2013,31,31119.0,63998,64346,60290
2013,31,31121.0,23831,14966,11644
2013,31,31123.0,28422,14349,12728
2013,31,31125.0,26499,10927,10236
2013,31,31127.0,23748,19907,18859
2013,31,31129.0,13320,6885,6129
2013,31,31131.0,34032,32430,28653
2013,31,31133.0,29876,7252,7068
2013,31,31135.0,15649,6657,6322
2013,31,31137.0,38896,25458,22945
2013,31,31139.0,39430,16443,15487
2013,31,31141.0,37698,61490,57490
2013,31,31143.0,57820,20915,17416
2013,31,31145.0,26537,21753,19608
2013,31,31147.0,28883,18101,16944
2013,31,31149.0,17244,3648,3328
2013,31,31151.0,53002,38097,33086
2013,31,31153.0,41499,274309,247535
2013,31,31155.0,59504,34184,30823
2013,31,31157.0,55303,81398,74582
2013,31,31159.0,37230,40875,36895
2013,31,31161.0,28410,12651,11580
2013,31,31163.0,30872,7029,6469
2013,31,31165.0,22894,2675,2587
2013,31,31167.0,11787,6001,5375
2013,31,31169.0,55022,14946,13510
2013,31,31171.0,19206,2178,1959
2013,31,31173.0,66031,31877,29100
2013,31,31175.0,31748,9651,8987
2013,31,31177.0,31302,38810,35423
2013,31,31179.0,38636,19966,18275
2013,31,31181.0,25411,8629,7969
2013,31,31183.0,19138,2381,2220
2013,31,31185.0,37879,34865,22401
2013,40,40001.0,109898,43203,41481
2013,40,40003.0,35592,9368,8505
2013,40,40005.0,55743,26879,20681
2013,40,40007.0,45497,13310,12001
2013,40,40009.0,48667,32781,30626
2013,40,40011.0,42179,18862,18371
2013,40,40013.0,69738,61976,59892
2013,40,40015.0,96387,53838,50821
2013,40,40017.0,78239,198976,167177
2013,40,40019.0,70978,81246,74001
2013,40,40021.0,97804,65687,62906
2013,40,40023.0,52172,22259,21467
2013,40,40025.0,40205,5468,5312
2013,40,40027.0,42331,361795,312955
2013,40,40029.0,31200,13221,12806
2013,40,40031.0,79189,182019,167054
2013,40,40033.0,29195,10043,9608
2013,40,40035.0,49784,24788,24034
2013,40,40037.0,108120,109221,96975
2013,40,40039.0,46862,54526,43606
2013,40,40041.0,80514,56255,53835
2013,40,40043.0,51366,12530,11608
2013,40,40045.0,51426,11493,10665
2013,40,40047.0,74340,96656,83533
2013,40,40049.0,64447,47678,43343
2013,40,40051.0,87685,76233,66766
2013,40,40053.0,34276,9435,8947
2013,40,40055.0,16826,8077,8010
2013,40,40057.0,8673,4905,4831
2013,40,40059.0,18381,7335,6972
2013,40,40061.0,45855,20602,19938
2013,40,40063.0,48388,21906,20593
2013,40,40065.0,51122,41538,39169
2013,40,40067.0,38828,13189,11250
2013,40,40069.0,65195,16804,16375
2013,40,40071.0,52486,74598,67850
2013,40,40073.0,54373,30224,28602
2013,40,40075.0,38531,15132,14599
2013,40,40077.0,35222,14587,13528
2013,40,40079.0,143387,82421,78909
2013,40,40081.0,68048,46373,42108
2013,40,40083.0,35050,36335,35093
2013,40,40085.0,33175,14645,13133
2013,40,40087.0,56407,59809,50598
2013,40,40089.0,117385,62304,57888
2013,40,40091.0,62347,36246,29908
2013,40,40093.0,28593,11851,10920
2013,40,40095.0,15506,26485,22960
2013,40,40097.0,70773,63539,59036
2013,40,40099.0,14081,18208,17808
2013,40,40101.0,80213,113947,101770
2013,40,40103.0,44643,22658,18269
2013,40,40105.0,24540,16143,15162
2013,40,40107.0,47596,30253,28581
2013,40,40109.0,112304,1074482,941273
2013,40,40111.0,69809,58143,54292
2013,40,40113.0,108760,36687,34835
2013,40,40115.0,57088,49498,46998
2013,40,40117.0,25586,23393,20024
2013,40,40119.0,54071,108311,87612
2013,40,40121.0,128110,73228,67291
2013,40,40123.0,61031,63734,59277
2013,40,40125.0,107357,107353,98027
2013,40,40127.0,71295,21647,20595
2013,40,40129.0,31495,7819,6884
2013,40,40131.0,67664,119531,107529
2013,40,40133.0,91203,45837,43337
2013,40,40135.0,104637,70067,68116
2013,40,40137.0,62698,64659,60883
2013,40,40139.0,102812,37571,36729
2013,40,40141.0,41079,15034,14573
2013,40,40143.0,101042,1013984,883101
2013,40,40145.0,28617,50105,45677
2013,40,40147.0,36541,66218,60866
2013,40,40149.0,33767,23856,18644
2013,40,40151.0,40767,15143,14135
2013,40,40153.0,41849,36933,28986
2014,8,8001.0,57980,812674,740422
2014,8,8003.0,17893,31180,24883
2014,8,8005.0,71131,1290134,1083948
2014,8,8007.0,8892,12729,11764
2014,8,8009.0,81472,9103,8789
2014,8,8011.0,19602,7890,7268
2014,8,8013.0,18809,662096,587576
2014,8,8015.0,20334,41396,21739
2014,8,8017.0,31605,4857,4551
2014,8,8019.0,10957,12568,10582
2014,8,8021.0,32292,23367,16044
2014,8,8023.0,25477,6577,5994
2014,8,8025.0,9857,4701,4416
2014,8,8027.0,9523,4084,3914
2014,8,8029.0,8001,43499,41758
2014,8,8031.0,10564,1299327,951301
2014,8,8033.0,10823,3529,3171
2014,8,8035.0,8182,620662,542392
2014,8,8037.0,9870,76793,64869
2014,8,8039.0,86395,54994,28816
2014,8,8041.0,130337,1077138,972617
2014,8,8043.0,27549,47753,44190
2014,8,8045.0,27600,120975,102720
2014,8,8047.0,11805,5557,4970
2014,8,8049.0,20711,19891,17334
2014,8,8051.0,8828,20441,17074
2014,8,8053.0,17138,1396,1378
2014,8,8055.0,23057,8213,7587
2014,8,8057.0,12812,3176,2729
2014,8,8059.0,8685,850189,747323
2014,8,8061.0,27784,3609,3353
2014,8,8063.0,60045,25399,14154
2014,8,8065.0,9812,44131,15427
2014,8,8067.0,30008,113390,71252
2014,8,8069.0,26937,439950,397239
2014,8,8071.0,76991,24552,21184
2014,8,8073.0,36157,18190,12795
2014,8,8075.0,45805,31103,27910
2014,8,8077.0,30524,198135,181943
2014,8,8079.0,20263,2900,1621
2014,8,8081.0,9102,22430,20406
2014,8,8083.0,25326,44188,32736
2014,8,8085.0,21529,57525,52670
2014,8,8087.0,35118,52153,45921
2014,8,8089.0,64464,36311,33611
2014,8,8091.0,26797,7875,7110
2014,8,8093.0,20267,17651,16057
2014,8,8095.0,19293,17334,12417
2014,8,8097.0,14619,32780,26978
2014,8,8099.0,40286,27157,21730
2014,8,8101.0,15269,266329,214892
2014,8,8103.0,17772,17274,13396
2014,8,8105.0,29145,20216,18537
2014,8,8107.0,36905,46021,40141
2014,8,8109.0,43754,14146,12454
2014,8,8111.0,20734,1519,1467
2014,8,8113.0,24759,15621,14921
2014,8,8115.0,22105,19774,7582
2014,8,8117.0,11110,40483,36574
2014,8,8119.0,22005,29733,26694
2014,8,8121.0,72788,25922,11793
2014,8,8123.0,124470,373275,331494
2014,8,8125.0,52820,22661,18574
2014,20,20001.0,34611,29164,27265
2014,20,20003.0,21499,15770,13689
2014,20,20005.0,22197,33658,24471
2014,20,20007.0,22761,10190,8603
2014,20,20009.0,29212,45868,42390
2014,20,20011.0,20517,24011,22813
2014,20,20013.0,23840,18176,17086
2014,20,20015.0,85071,208224,137235
2014,20,20017.0,11224,4613,4254
2014,20,20019.0,22571,6448,6135
2014,20,20021.0,44320,54058,41188
2014,20,20023.0,27541,5660,5303
2014,20,20025.0,25012,6261,5882
2014,20,20027.0,9723,14936,13885
2014,20,20029.0,26105,17616,15728
2014,20,20031.0,35320,22658,17909
2014,20,20033.0,11786,4687,4290
2014,20,20035.0,56073,67191,61904
2014,20,20037.0,53850,67209,64368
2014,20,20039.0,12297,4707,4476
2014,20,20041.0,54999,44650,40211
2014,20,20043.0,35698,17890,16839
2014,20,20045.0,28454,219666,143917
2014,20,20047.0,26391,8052,6143
2014,20,20049.0,28652,7164,6837
2014,20,20051.0,30055,42446,38509
2014,20,20053.0,23077,15884,13840
2014,20,20055.0,20553,98686,88645
2014,20,20057.0,33218,87542,75074
2014,20,20059.0,45021,53229,47909
2014,20,20061.0,9937,87137,81710
2014,20,20063.0,41686,7773,6986
2014,20,20065.0,10717,4915,4362
2014,20,20067.0,8691,17100,15695
2014,20,20069.0,51706,20238,15970
2014,20,20071.0,11794,3291,2916
2014,20,20073.0,39553,13057,12219
2014,20,20075.0,11244,6018,5757
2014,20,20077.0,22234,12650,11941
2014,20,20079.0,51284,65232,57740
2014,20,20081.0,24950,11346,9935
2014,20,20083.0,12059,3913,3678
2014,20,20085.0,29900,27976,25662
2014,20,20087.0,66260,46447,41267
2014,20,20089.0,12494,4439,3848
2014,20,20091.0,53779,1169731,884357
2014,20,20093.0,24580,11607,11011
2014,20,20095.0,24850,14038,13114
2014,20,20097.0,27012,7608,7081
2014,20,20099.0,42625,43772,40185
2014,20,20101.0,27196,6703,4433
2014,20,20103.0,54575,174607,120457
2014,20,20105.0,22842,8001,7484
2014,20,20107.0,32448,32131,21177
2014,20,20109.0,27905,6630,6155
2014,20,20111.0,33516,62166,57589
2014,20,20113.0,53100,66943,49366
2014,20,20115.0,55470,26462,23334
2014,20,20117.0,31716,21162,19616
2014,20,20119.0,25152,7877,7198
2014,20,20121.0,28259,54245,47886
2014,20,20123.0,24425,14410,13575
2014,20,20125.0,38529,63191,55981
2014,20,20127.0,10727,9112,8013
2014,20,20129.0,20584,13987,12179
2014,20,20131.0,21561,22368,19815
2014,20,20133.0,22058,30318,25263
2014,20,20135.0,27604,6481,5822
2014,20,20137.0,24177,10752,10324
2014,20,20139.0,54597,37520,30342
2014,20,20141.0,13950,4367,4227
2014,20,20143.0,21862,15325,14047
2014,20,20145.0,20993,13315,12370
2014,20,20147.0,26516,9958,9623
2014,20,20149.0,41625,47498,40704
2014,20,20151.0,20119,17414,16376
2014,20,20153.0,12772,4416,4151
2014,20,20155.0,66716,137581,101229
2014,20,20157.0,24535,9516,8288
2014,20,20159.0,47201,26748,22017
2014,20,20161.0,35288,87541,76005
2014,20,20163.0,38565,11788,10412
2014,20,20165.0,25112,7281,6585
2014,20,20167.0,26438,13067,11176
2014,20,20169.0,31084,111819,89693
2014,20,20171.0,10067,10862,9846
2014,20,20173.0,90533,969624,838286
2014,20,20175.0,21210,59685,55608
2014,20,20177.0,48701,332779,293701
2014,20,20179.0,10391,4289,4042
2014,20,20181.0,9489,17455,10317
2014,20,20183.0,26918,9494,8476
2014,20,20185.0,36487,13694,11750
2014,20,20187.0,11965,6091,5480
2014,20,20189.0,24835,17122,15548
2014,20,20191.0,83337,46409,41638
2014,20,20193.0,36521,15239,14230
2014,20,20195.0,10523,4892,4335
2014,20,20197.0,24361,12792,11948
2014,20,20199.0,30517,4661,4348
2014,20,20201.0,34171,13786,13202
2014,20,20203.0,12176,5792,5333
2014,20,20205.0,35605,22796,18463
2014,20,20207.0,12154,6060,5919
2014,20,20209.0,37989,357130,319662
2014,29,29001.0,29714,30893,28170
2014,29,29003.0,26609,24983,24131
2014,29,29005.0,38568,11411,10116
2014,29,29007.0,29442,33351,30834
2014,29,29009.0,70571,66039,57915
2014,29,29011.0,28062,26945,18735
2014,29,29013.0,67515,26733,25082
2014,29,29015.0,24468,22996,21385
2014,29,29017.0,32727,16308,15478
2014,29,29019.0,52334,285032,235757
2014,29,29021.0,37739,156537,127176
2014,29,29023.0,24341,56469,53960
2014,29,29025.0,100873,17247,16341
2014,29,29027.0,35225,46499,43420
2014,29,29029.0,39254,69930,52875
2014,29,29031.0,47481,104303,87410
2014,29,29033.0,56468,16285,15391
2014,29,29035.0,17585,12016,11203
2014,29,29037.0,94376,180614,161908
2014,29,29039.0,16450,20108,18901
2014,29,29041.0,46208,15060,11926
2014,29,29043.0,59754,135090,121252
2014,29,29045.0,19546,10900,9139
2014,29,29047.0,68340,435362,397300
2014,29,29049.0,28346,34729,32423
2014,29,29051.0,33502,110032,101582
2014,29,29053.0,60269,25384,22765
2014,29,29055.0,23748,30410,27732
2014,29,29057.0,39979,11987,10938
2014,29,29059.0,9099,17469,16190
2014,29,29061.0,58047,13718,13076
2014,29,29063.0,44190,10965,10751
2014,29,29065.0,41474,26129,17713
2014,29,29067.0,28148,14735,14147
2014,29,29069.0,57442,57755,49611
2014,29,29071.0,97004,186617,153213
2014,29,29073.0,17061,27511,24967
2014,29,29075.0,31153,12390,12128
2014,29,29077.0,64752,403195,347813
2014,29,29079.0,58783,16438,14920
2014,29,29081.0,55171,15300,14730
2014,29,29083.0,76830,49993,27479
2014,29,29085.0,37018,16889,15292
2014,29,29087.0,42807,7704,7301
2014,29,29089.0,24660,14421,12286
2014,29,29091.0,64972,65178,57200
2014,29,29093.0,38928,20049,18313
2014,29,29095.0,121523,1178353,1027957
2014,29,29097.0,58511,309374,172875
2014,29,29099.0,100252,358311,330331
2014,29,29101.0,64248,74798,68097
2014,29,29103.0,10590,7525,5389
2014,29,29105.0,37052,54009,48906
2014,29,29107.0,57192,53680,49338
2014,29,29109.0,49925,57136,48746
2014,29,29111.0,17684,13955,13573
2014,29,29113.0,34108,88844,76544
2014,29,29115.0,49733,24003,22625
2014,29,29117.0,29720,21527,20495
2014,29,29119.0,8032,33370,31102
2014,29,29121.0,65806,23424,21909
2014,29,29123.0,18062,18299,17083
2014,29,29125.0,15663,11800,11113
2014,29,29127.0,27243,49365,44668
2014,29,29129.0,19990,7472,6920
2014,29,29131.0,45687,67915,45737
2014,29,29133.0,15912,18857,18172
2014,29,29135.0,60757,22270,19961
2014,29,29137.0,54254,15029,14037
2014,29,29139.0,18607,19848,14903
2014,29,29141.0,15699,18181,16794
2014,29,29143.0,38329,28610,27253
2014,29,29145.0,42292,76050,69952
2014,29,29147.0,78416,31674,29875
2014,29,29149.0,36764,16950,16062
2014,29,29151.0,26904,14614,14083
2014,29,29153.0,53100,15812,15237
2014,29,29155.0,234772,39408,38140
2014,29,29157.0,18921,23630,22380
2014,29,29159.0,56205,58195,54800
2014,29,29161.0,35965,67614,58296
2014,29,29163.0,44248,25604,23471
2014,29,29165.0,44116,200574,171485
2014,29,29167.0,60327,51539,47970
2014,29,29169.0,56170,94584,87040
2014,29,29171.0,9358,7379,6796
2014,29,29173.0,7529,6053,5728
2014,29,29175.0,50122,42725,37092
2014,29,29177.0,34801,29857,28209
2014,29,29179.0,56823,15583,13686
2014,29,29181.0,36869,21077,18841
2014,29,29183.0,51121,654002,590855
2014,29,29185.0,37579,12555,11959
2014,29,29186.0,11632,23779,21901
2014,29,29187.0,43767,98448,90843
2014,29,29189.0,247742,2132182,1885349
2014,29,29195.0,98400,35638,32946
2014,29,29197.0,8829,6086,5575
2014,29,29199.0,38767,6612,6317
2014,29,29201.0,59441,58107,54599
2014,29,29203.0,20121,7837,7663
2014,29,29205.0,19563,10870,10243
2014,29,29207.0,64368,46249,42230
2014,29,29209.0,47318,43935,39975
2014,29,29211.0,34340,11793,10800
2014,29,29213.0,70909,96655,72284
2014,29,29215.0,58152,38180,33186
2014,29,29217.0,37580,33502,28999
2014,29,29219.0,17800,45625,41715
2014,29,29221.0,38884,36697,33235
2014,29,29223.0,15689,18309,15052
2014,29,29225.0,33936,41934,37844
2014,29,29227.0,9558,3252,3097
2014,29,29229.0,52164,29665,28305
2014,29,29510.0,12635,407351,347623
2014,31,31001.0,55268,72082,65191
2014,31,31003.0,46883,25306,23752
2014,31,31005.0,20608,2082,1999
2014,31,31007.0,21611,3163,3112
2014,31,31009.0,22762,2449,2299
2014,31,31011.0,32001,13815,10820
2014,31,31013.0,26111,23661,22711
2014,31,31015.0,39891,6380,6116
2014,31,31017.0,14220,10671,10459
2014,31,31019.0,82755,106762,89808
2014,31,31021.0,40202,20537,16340
2014,31,31023.0,28217,16191,13993
2014,31,31025.0,60407,51671,43745
2014,31,31027.0,63376,16630,15732
2014,31,31029.0,27297,11561,10590
2014,31,31031.0,32823,12546,12097
2014,31,31033.0,42749,23183,20526
2014,31,31035.0,38918,21859,19616
2014,31,31037.0,59924,31100,29163
2014,31,31039.0,39513,22298,20813
2014,31,31041.0,98099,27972,26420
2014,31,31043.0,23915,51587,49222
2014,31,31045.0,26444,15655,14177
2014,31,31047.0,60911,65671,62685
2014,31,31049.0,34115,8290,7406
2014,31,31051.0,42426,22081,20891
2014,31,31053.0,50389,79397,69375
2014,31,31055.0,73137,1133901,1041150
2014,31,31057.0,15768,6192,5771
2014,31,31059.0,55345,16352,14134
2014,31,31061.0,15120,5100,4929
2014,31,31063.0,49191,10651,9550
2014,31,31065.0,41216,17089,15213
2014,31,31067.0,51893,47329,40906
2014,31,31069.0,16887,4554,4036
2014,31,31071.0,12763,4885,4569
2014,31,31073.0,13961,3704,3239
2014,31,31075.0,16465,3007,2585
2014,31,31079.0,48141,150215,136808
2014,31,31081.0,42153,21906,19753
2014,31,31083.0,14885,4578,4272
2014,31,31085.0,22632,2946,2580
2014,31,31087.0,12353,7733,6147
2014,31,31089.0,79034,24966,23509
2014,31,31091.0,17720,3107,2906
2014,31,31093.0,44588,16909,15463
2014,31,31095.0,44344,23796,20337
2014,31,31097.0,25463,10853,9745
2014,31,31099.0,44839,18573,17099
2014,31,31101.0,25986,32453,20542
2014,31,31103.0,22440,2506,2244
2014,31,31105.0,12315,6688,6564
2014,31,31107.0,94800,29459,23448
2014,31,31109.0,54143,489977,451502
2014,31,31111.0,77715,66732,59484
2014,31,31113.0,15550,3489,2939
2014,31,31115.0,24974,2047,1923
2014,31,31117.0,20032,1925,1884
2014,31,31119.0,65913,66044,61730
2014,31,31121.0,24877,14189,11991
2014,31,31123.0,28325,15847,12936
2014,31,31125.0,27193,11813,10617
2014,31,31127.0,22306,21479,19286
2014,31,31129.0,12666,6800,6198
2014,31,31131.0,33983,32076,29004
2014,31,31133.0,31030,8649,7369
2014,31,31135.0,16251,7129,6549
2014,31,31137.0,41318,30563,23353
2014,31,31139.0,40585,16471,15694
2014,31,31141.0,38253,61723,58323
2014,31,31143.0,62314,21536,18812
2014,31,31145.0,27045,21402,20322
2014,31,31147.0,31003,18670,17690
2014,31,31149.0,17005,3512,3418
2014,31,31151.0,53137,41762,33711
2014,31,31153.0,40758,284051,254210
2014,31,31155.0,61395,36631,32101
2014,31,31157.0,56754,83453,76072
2014,31,31159.0,37824,47102,37297
2014,31,31161.0,28249,16229,12009
2014,31,31163.0,35045,7838,7017
2014,31,31165.0,24491,2738,2596
2014,31,31167.0,12523,6949,5698
2014,31,31169.0,54597,15105,13841
2014,31,31171.0,21726,3930,2064
2014,31,31173.0,65722,33520,29380
2014,31,31175.0,31380,10219,9511
2014,31,31177.0,32136,41641,36160
2014,31,31179.0,39615,22825,18787
2014,31,31181.0,27303,9390,8000
2014,31,31183.0,22610,2441,2374
2014,31,31185.0,38931,29106,23428
2014,40,40001.0,97465,43283,41910
2014,40,40003.0,38903,10753,9526
2014,40,40005.0,55784,26084,21419
2014,40,40007.0,49053,12651,12210
2014,40,40009.0,49417,35460,32618
2014,40,40011.0,41473,19964,18609
2014,40,40013.0,69881,69368,61121
2014,40,40015.0,93256,53380,49077
2014,40,40017.0,85530,212144,177873
2014,40,40019.0,71921,84750,75138
2014,40,40021.0,98810,68514,64286
2014,40,40023.0,53280,23429,22730
2014,40,40025.0,40303,5739,5340
2014,40,40027.0,44137,407447,317123
2014,40,40029.0,35191,13227,12908
2014,40,40031.0,81613,200255,168744
2014,40,40033.0,26384,9965,8687
2014,40,40035.0,48151,25760,24454
2014,40,40037.0,108001,106718,99947
2014,40,40039.0,47266,51588,44785
2014,40,40041.0,83957,56656,54577
2014,40,40043.0,59678,13180,12472
2014,40,40045.0,57184,15021,12233
2014,40,40047.0,75485,101464,86400
2014,40,40049.0,64240,46323,43173
2014,40,40051.0,88951,73424,66531
2014,40,40053.0,37218,10254,9543
2014,40,40055.0,17407,8290,8202
2014,40,40057.0,8829,5107,4847
2014,40,40059.0,19798,7957,7645
2014,40,40061.0,43734,19978,19230
2014,40,40063.0,46604,22115,20119
2014,40,40065.0,52831,40266,38163
2014,40,40067.0,39009,11661,10963
2014,40,40069.0,63088,16991,16598
2014,40,40071.0,54209,73125,69210
2014,40,40073.0,50745,34954,29132
2014,40,40075.0,37004,15729,14442
2014,40,40077.0,36059,14160,13107
2014,40,40079.0,143996,82353,79140
2014,40,40081.0,68479,47025,42433
2014,40,40083.0,35569,38452,35629
2014,40,40085.0,34066,15143,14044
2014,40,40087.0,53670,59727,50476
2014,40,40089.0,112925,59717,56339
2014,40,40091.0,53101,32139,28385
2014,40,40093.0,27525,11724,11014
2014,40,40095.0,15893,26546,23721
2014,40,40097.0,69609,65132,58200
2014,40,40099.0,14253,18555,18118
2014,40,40101.0,80350,116600,103772
2014,40,40103.0,45643,20599,18515
2014,40,40105.0,23552,16215,15280
2014,40,40107.0,49086,33837,32644
2014,40,40109.0,112549,1152347,957850
2014,40,40111.0,72988,60417,54583
2014,40,40113.0,106597,36574,34716
2014,40,40115.0,58071,50183,47504
2014,40,40117.0,23980,21608,20171
2014,40,40119.0,54665,102216,87841
2014,40,40121.0,124716,70009,66873
2014,40,40123.0,56492,61051,58621
2014,40,40125.0,104498,104504,97355
2014,40,40127.0,71939,21864,20878
2014,40,40129.0,31535,8619,7200
2014,40,40131.0,66894,118644,104661
2014,40,40133.0,88357,46960,43559
2014,40,40135.0,104263,69115,66404
2014,40,40137.0,60356,68707,62255
2014,40,40139.0,96913,39478,37312
2014,40,40141.0,42545,17594,15174
2014,40,40143.0,101827,1076566,919673
2014,40,40145.0,29585,51549,45660
2014,40,40147.0,31221,67452,64635
2014,40,40149.0,34413,20141,18869
2014,40,40151.0,38296,15245,14569
2014,40,40153.0,44153,33483,31506
