,idcode,itemcode,amount,year,flag,stateFIPS,countyFIPS
182114,17000000000000,E50,92843,2014,R,20.0,
182576,17102802800000,E50,1,2014,S,20.0,20055.0
182895,17104704700000,E50,62,2014,R,20.0,20093.0
183587,17108708700000,E50,1602,2014,R,20.0,20173.0
183746,17109009000000,E50,16,2014,I,20.0,20179.0
184046,17200200200000,E50,163,2014,I,20.0,20003.0
184111,17200300100000,E50,431,2014,R,20.0,20005.0
184353,17200600200000,E50,15,2014,I,20.0,20011.0
185114,17201800600000,E50,108,2014,I,20.0,20035.0
185167,17201800700000,E50,270,2014,I,20.0,20035.0
185301,17201900500000,E50,44,2014,I,20.0,20037.0
185360,17201900900000,E50,1663,2014,R,20.0,20037.0
185472,17202100100000,E50,147,2014,R,20.0,20041.0
185632,17202300200000,E50,169,2014,I,20.0,20045.0
185700,17202300300000,E50,1487,2014,R,20.0,20045.0
186901,17204600200000,E50,226,2014,I,20.0,20091.0
186941,17204600300000,E50,108,2014,I,20.0,20091.0
186996,17204600500000,E50,313,2014,I,20.0,20091.0
187129,17204600800000,E50,710,2014,R,20.0,20091.0
187498,17204650100000,E50,468,2014,R,20.0,20091.0
187548,17204700200000,E50,3,2014,I,20.0,20093.0
187762,17205000800000,E50,49,2014,I,20.0,20099.0
187853,17205200200000,E50,2014,2014,R,20.0,20103.0
187946,17205250100000,E50,249,2014,R,20.0,20103.0
188077,17205500100000,E50,2,2014,I,20.0,20109.0
188283,17205700700000,E50,79,2014,R,20.0,20113.0
188377,17205800900000,E50,154,2014,I,20.0,20115.0
188427,17205900300000,E50,148,2014,R,20.0,20117.0
188533,17206000200000,E50,24,2014,I,20.0,20119.0
188701,17206100400000,E50,164,2014,I,20.0,20121.0
188794,17206200200000,E50,29,2014,R,20.0,20123.0
188846,17206300300000,E50,110,2014,I,20.0,20125.0
189625,17207500900000,E50,5,2014,I,20.0,20149.0
190063,17208100200000,E50,1058,2014,R,20.0,20161.0
190209,17208400700000,E50,75,2014,R,20.0,20167.0
190274,17208500500000,E50,2106,2014,I,20.0,20169.0
190610,17208701000000,E50,3,2014,I,20.0,20173.0
190633,17208701200000,E50,111,2014,I,20.0,20173.0
190687,17208701400000,E50,39,2014,R,20.0,20173.0
190907,17208800200000,E50,463,2014,R,20.0,20175.0
191004,17208900300000,E50,4096,2014,R,20.0,20177.0
191819,17210500300000,E50,3443,2014,R,20.0,20209.0
192112,17401480100000,E50,651,2014,R,20.0,20027.0
192129,17401720100000,E50,59,2014,R,20.0,20033.0
192196,17402120200000,E50,1439,2014,I,20.0,20041.0
192232,17402360100000,E50,8034,2014,R,20.0,20045.0
192321,17403460100000,E50,1848,2014,I,20.0,20067.0
192415,17404420100000,E50,59,2014,R,20.0,20087.0
192469,17404630100000,E50,11445,2014,R,20.0,20091.0
192480,17404660200000,E50,3407,2014,R,20.0,20091.0
192521,17405216500000,E50,2140,2014,I,20.0,20103.0
192580,17405620100000,E50,6497,2014,R,20.0,20111.0
192608,17405820100000,E50,1982,2014,I,20.0,20115.0
192721,17406520100000,E50,1095,2014,I,20.0,20129.0
192801,17407216200000,E50,1319,2014,R,20.0,20143.0
192920,17408580100000,E50,1982,2014,R,20.0,20169.0
193011,17408970100000,E50,11164,2014,I,20.0,20177.0
193067,17410220100000,E50,2225,2014,I,20.0,20203.0
193128,17410550100000,E50,27100,2014,R,20.0,20209.0
185001,17000000000000,E50,86139,2013,R,20.0,
185563,17102802800000,E50,1,2013,R,20.0,20055.0
185861,17104704700000,E50,64,2013,R,20.0,20093.0
186336,17108708700000,E50,1576,2013,R,20.0,20173.0
186770,17200200200000,E50,171,2013,R,20.0,20003.0
186828,17200300100000,E50,354,2013,R,20.0,20005.0
187076,17200600200000,E50,16,2013,R,20.0,20011.0
187337,17200800300000,E50,81,2013,R,20.0,20015.0
187517,17200900200000,E50,10,2013,R,20.0,20017.0
188005,17201800700000,E50,283,2013,I,20.0,20035.0
188112,17201900500000,E50,46,2013,R,20.0,20037.0
188203,17201900900000,E50,1599,2013,R,20.0,20037.0
188317,17202100100000,E50,258,2013,R,20.0,20041.0
188621,17202300200000,E50,177,2013,R,20.0,20045.0
188690,17202300300000,E50,2843,2013,R,20.0,20045.0
189160,17203100100000,E50,280,2013,R,20.0,20061.0
189760,17204600200000,E50,237,2013,R,20.0,20091.0
189800,17204600300000,E50,113,2013,R,20.0,20091.0
189870,17204600500000,E50,328,2013,R,20.0,20091.0
190163,17204601300000,E50,2078,2013,R,20.0,20091.0
190348,17204650100000,E50,435,2013,R,20.0,20091.0
190397,17204700200000,E50,3,2013,R,20.0,20093.0
190560,17205000800000,E50,51,2013,R,20.0,20099.0
190609,17205100100000,E50,1,2013,R,20.0,20101.0
190757,17205250100000,E50,244,2013,R,20.0,20103.0
190900,17205500100000,E50,2,2013,R,20.0,20109.0
191106,17205700700000,E50,18,2013,R,20.0,20113.0
191206,17205800900000,E50,162,2013,R,20.0,20115.0
191317,17206000200000,E50,25,2013,R,20.0,20119.0
191445,17206100400000,E50,172,2013,R,20.0,20121.0
191540,17206200200000,E50,28,2013,R,20.0,20123.0
191674,17206300300000,E50,115,2013,I,20.0,20125.0
192569,17207500900000,E50,5,2013,R,20.0,20149.0
192950,17208100200000,E50,715,2013,R,20.0,20161.0
193077,17208200400000,E50,8,2013,R,20.0,20163.0
193177,17208500500000,E50,2210,2013,R,20.0,20169.0
193452,17208701000000,E50,3,2013,R,20.0,20173.0
193476,17208701200000,E50,117,2013,R,20.0,20173.0
193528,17208701400000,E50,30,2013,R,20.0,20173.0
193750,17208800200000,E50,436,2013,R,20.0,20175.0
193816,17208900300000,E50,5239,2013,R,20.0,20177.0
193872,17209100100000,E50,103,2013,R,20.0,20181.0
193919,17209200600000,E50,63,2013,R,20.0,20183.0
194296,17209800200000,E50,88,2013,R,20.0,20195.0
194338,17209900100000,E50,2,2013,R,20.0,20197.0
194374,17209900200000,E50,1,2013,R,20.0,20197.0
194597,17210500300000,E50,3782,2013,R,20.0,20209.0
194754,17400380100000,E50,1467,2013,R,20.0,20005.0
194790,17400560100000,E50,404,2013,R,20.0,20009.0
194820,17400960100000,E50,85,2013,R,20.0,20017.0
194873,17401480100000,E50,659,2013,R,20.0,20027.0
194976,17402360100000,E50,7692,2013,R,20.0,20045.0
194996,17402520100000,E50,7,2013,I,20.0,20049.0
195040,17402980100000,E50,1548,2013,R,20.0,20057.0
195206,17404630100000,E50,11551,2013,R,20.0,20091.0
195217,17404660200000,E50,3120,2013,R,20.0,20091.0
195467,17406760100000,E50,632,2013,R,20.0,20133.0
195517,17407216200000,E50,1324,2013,R,20.0,20143.0
195582,17408080100000,E50,65,2013,I,20.0,20159.0
195588,17408080300000,E50,257,2013,I,20.0,20159.0
195597,17408116400000,E50,1423,2013,R,20.0,20161.0
195605,17408160100000,E50,2560,2013,R,20.0,20161.0
195629,17408460200000,E50,19,2013,I,20.0,20167.0
195639,17408580100000,E50,1756,2013,R,20.0,20169.0
195721,17408970100000,E50,11015,2013,R,20.0,20177.0
195766,17409680200000,E50,248,2013,R,20.0,20191.0
195812,17410550100000,E50,21427,2013,R,20.0,20209.0
484333,17000000000000,E50,100429,2012,R,20.0,
486097,17103903900000,E50,70,2012,R,20.0,20077.0
486416,17104604600000,E50,527,2012,R,20.0,20091.0
488284,17108608600000,E50,200,2012,R,20.0,20171.0
488350,17108708700000,E50,950,2012,R,20.0,20173.0
488524,17109009000000,E50,15,2012,R,20.0,20179.0
489297,17200100400000,E50,2,2012,R,20.0,20001.0
489521,17200200200000,E50,341,2012,R,20.0,20003.0
489622,17200300100000,E50,405,2012,R,20.0,20005.0
490085,17200500600000,E50,3,2012,R,20.0,20009.0
490235,17200600200000,E50,168,2012,R,20.0,20011.0
490354,17200700100000,E50,33,2012,R,20.0,20013.0
490381,17200700200000,E50,6,2012,R,20.0,20013.0
490716,17200800300000,E50,57,2012,I,20.0,20015.0
492519,17201800600000,E50,117,2012,R,20.0,20035.0
492572,17201800700000,E50,279,2012,R,20.0,20035.0
492920,17201900900000,E50,1612,2012,R,20.0,20037.0
493090,17202100100000,E50,234,2012,R,20.0,20041.0
493540,17202300100000,E50,36,2012,R,20.0,20045.0
493594,17202300200000,E50,151,2012,R,20.0,20045.0
493661,17202300300000,E50,2437,2012,R,20.0,20045.0
494027,17202600200000,E50,425,2012,R,20.0,20051.0
495728,17203900600000,E50,9,2012,R,20.0,20077.0
496755,17204600200000,E50,251,2012,I,20.0,20091.0
496795,17204600300000,E50,92,2012,R,20.0,20091.0
496870,17204600500000,E50,296,2012,R,20.0,20091.0
496960,17204600700000,E50,47,2012,R,20.0,20091.0
497388,17204650100000,E50,102,2012,R,20.0,20091.0
497490,17204700200000,E50,3,2012,R,20.0,20093.0
497569,17204800200000,E50,10,2012,R,20.0,20095.0
498004,17205000800000,E50,81,2012,R,20.0,20099.0
498055,17205100100000,E50,4,2012,R,20.0,20101.0
498131,17205200200000,E50,3007,2012,R,20.0,20103.0
498257,17205250100000,E50,251,2012,R,20.0,20103.0
498648,17205500100000,E50,2,2012,I,20.0,20109.0
499137,17205700500000,E50,5,2012,R,20.0,20113.0
499230,17205700700000,E50,8,2012,R,20.0,20113.0
499512,17205800900000,E50,75,2012,R,20.0,20115.0
500093,17206100400000,E50,167,2012,R,20.0,20121.0
500172,17206200200000,E50,27,2012,R,20.0,20123.0
500212,17206200300000,E50,7,2012,R,20.0,20123.0
500429,17206300300000,E50,113,2012,R,20.0,20125.0
501702,17207000600000,E50,8,2012,I,20.0,20139.0
503442,17207900300000,E50,52,2012,R,20.0,20157.0
503799,17208100100000,E50,87,2012,I,20.0,20161.0
503844,17208100200000,E50,1257,2012,R,20.0,20161.0
504025,17208200300000,E50,122,2012,R,20.0,20163.0
504074,17208200400000,E50,9,2012,R,20.0,20163.0
504474,17208400700000,E50,217,2012,R,20.0,20167.0
504647,17208500500000,E50,3798,2012,R,20.0,20169.0
505167,17208701200000,E50,82,2012,R,20.0,20173.0
505255,17208701400000,E50,27,2012,R,20.0,20173.0
505562,17208800200000,E50,590,2012,R,20.0,20175.0
505698,17208900300000,E50,2307,2012,R,20.0,20177.0
506026,17209200600000,E50,61,2012,R,20.0,20183.0
506181,17209300600000,E50,6,2012,R,20.0,20185.0
507181,17210100300000,E50,50,2012,R,20.0,20201.0
507542,17210300600000,E50,158,2012,R,20.0,20205.0
507792,17210500300000,E50,4441,2012,R,20.0,20209.0
515070,17400160100000,E50,133,2012,R,20.0,20001.0
515079,17400160200000,E50,685,2012,R,20.0,20001.0
515321,17400380100000,E50,1513,2012,R,20.0,20005.0
515405,17400460100000,E50,13,2012,I,20.0,20007.0
515459,17400520100000,E50,12,2012,I,20.0,20009.0
515463,17400560100000,E50,873,2012,R,20.0,20009.0
515535,17400618900000,E50,20,2012,R,20.0,20011.0
515551,17400660100000,E50,248,2012,I,20.0,20011.0
515627,17400715600000,E50,139,2012,I,20.0,20013.0
515642,17400720200000,E50,297,2012,R,20.0,20013.0
515665,17400780100000,E50,673,2012,I,20.0,20013.0
515709,17400820100000,E50,150,2012,I,20.0,20015.0
515718,17400820200000,E50,19,2012,I,20.0,20015.0
515826,17400880100000,E50,253,2012,R,20.0,20015.0
515848,17400920100000,E50,206,2012,I,20.0,20017.0
515869,17400960100000,E50,85,2012,R,20.0,20017.0
515954,17401020100000,E50,51,2012,R,20.0,20019.0
515961,17401020200000,E50,245,2012,I,20.0,20019.0
516029,17401120100000,E50,66,2012,R,20.0,20021.0
516050,17401160200000,E50,150,2012,I,20.0,20021.0
516122,17401220100000,E50,124,2012,R,20.0,20023.0
516131,17401260100000,E50,115,2012,I,20.0,20023.0
516188,17401320100000,E50,78,2012,R,20.0,20025.0
516298,17401480100000,E50,630,2012,R,20.0,20027.0
516378,17401520200000,E50,71,2012,R,20.0,20029.0
516453,17401620100000,E50,69,2012,I,20.0,20031.0
516461,17401630100000,E50,89,2012,I,20.0,20031.0
516532,17401720100000,E50,3465,2012,I,20.0,20033.0
516541,17401720200000,E50,1121,2012,I,20.0,20033.0
516591,17401815300000,E50,1004,2012,I,20.0,20035.0
516599,17401820100000,E50,196,2012,R,20.0,20035.0
516727,17401916100000,E50,1624,2012,I,20.0,20037.0
516733,17401920100000,E50,65,2012,I,20.0,20037.0
516741,17401920200000,E50,202,2012,I,20.0,20037.0
516781,17401960200000,E50,171,2012,R,20.0,20037.0
516889,17402080100000,E50,124,2012,I,20.0,20039.0
516984,17402120100000,E50,91,2012,I,20.0,20041.0
516991,17402120200000,E50,1439,2012,I,20.0,20041.0
516998,17402120300000,E50,122,2012,R,20.0,20041.0
517110,17402220100000,E50,256,2012,I,20.0,20043.0
517126,17402260100000,E50,251,2012,I,20.0,20043.0
517136,17402260400000,E50,173,2012,I,20.0,20043.0
517147,17402260500000,E50,106,2012,I,20.0,20043.0
517246,17402360100000,E50,7533,2012,I,20.0,20045.0
517334,17402480100000,E50,971,2012,I,20.0,20047.0
517379,17402520100000,E50,7,2012,I,20.0,20049.0
517403,17402560200000,E50,229,2012,R,20.0,20049.0
517424,17402640200000,E50,62,2012,I,20.0,20051.0
517431,17402640300000,E50,73,2012,R,20.0,20051.0
517455,17402660100000,E50,61,2012,R,20.0,20051.0
517509,17402720100000,E50,141,2012,R,20.0,20053.0
517555,17402860100000,E50,388,2012,I,20.0,20055.0
517605,17402920100000,E50,100,2012,I,20.0,20057.0
517626,17402980100000,E50,1591,2012,R,20.0,20057.0
517770,17403120100000,E50,814,2012,I,20.0,20061.0
517820,17403220200000,E50,18,2012,R,20.0,20063.0
517841,17403320100000,E50,329,2012,I,20.0,20065.0
517847,17403360100000,E50,116,2012,R,20.0,20065.0
517866,17403460100000,E50,1847,2012,I,20.0,20067.0
517886,17403520100000,E50,27,2012,I,20.0,20069.0
517907,17403620100000,E50,83,2012,I,20.0,20071.0
518120,17403980100000,E50,58,2012,I,20.0,20077.0
518160,17404020100000,E50,191,2012,R,20.0,20079.0
518170,17404060200000,E50,719,2012,R,20.0,20079.0
518177,17404060300000,E50,24,2012,R,20.0,20079.0
518200,17404080100000,E50,242,2012,R,20.0,20079.0
518207,17404090200000,E50,63,2012,R,20.0,20079.0
518277,17404260100000,E50,83,2012,I,20.0,20083.0
518370,17404380100000,E50,296,2012,R,20.0,20085.0
518481,17404420100000,E50,48,2012,R,20.0,20087.0
518528,17404460100000,E50,67,2012,R,20.0,20087.0
518688,17404520100000,E50,88,2012,R,20.0,20089.0
518693,17404520200000,E50,72,2012,R,20.0,20089.0
518784,17404630100000,E50,9330,2012,I,20.0,20091.0
518793,17404660200000,E50,3530,2012,R,20.0,20091.0
518872,17404760100000,E50,125,2012,I,20.0,20093.0
518904,17404820100000,E50,17,2012,R,20.0,20095.0
518916,17404860100000,E50,35,2012,R,20.0,20095.0
518955,17404960100000,E50,138,2012,I,20.0,20097.0
518989,17405060100000,E50,560,2012,R,20.0,20099.0
519077,17405120100000,E50,46,2012,I,20.0,20101.0
519121,17405216500000,E50,2139,2012,R,20.0,20103.0
519278,17405320100000,E50,1000,2012,I,20.0,20105.0
519326,17405420100000,E50,91,2012,R,20.0,20107.0
519356,17405460100000,E50,150,2012,R,20.0,20107.0
519424,17405580100000,E50,118,2012,R,20.0,20109.0
519446,17405620100000,E50,1778,2012,I,20.0,20111.0
519455,17405620200000,E50,30,2012,I,20.0,20111.0
519585,17405760100000,E50,254,2012,R,20.0,20113.0
519594,17405760200000,E50,174,2012,R,20.0,20113.0
519671,17405820100000,E50,36,2012,I,20.0,20115.0
519678,17405820200000,E50,73,2012,R,20.0,20115.0
519687,17405820300000,E50,94,2012,R,20.0,20115.0
519693,17405820400000,E50,148,2012,I,20.0,20115.0
519711,17405860100000,E50,50,2012,R,20.0,20115.0
519881,17405920100000,E50,18,2012,R,20.0,20117.0
519897,17405960100000,E50,91,2012,R,20.0,20117.0
519994,17406020100000,E50,50,2012,I,20.0,20119.0
520010,17406020300000,E50,26,2012,R,20.0,20119.0
520017,17406020400000,E50,645,2012,I,20.0,20119.0
520050,17406120100000,E50,142,2012,I,20.0,20121.0
520066,17406160100000,E50,494,2012,R,20.0,20121.0
520189,17406220200000,E50,28,2012,R,20.0,20123.0
520198,17406220300000,E50,40,2012,I,20.0,20123.0
520208,17406280100000,E50,222,2012,R,20.0,20123.0
520314,17406320100000,E50,902,2012,I,20.0,20125.0
520323,17406320200000,E50,165,2012,R,20.0,20125.0
520528,17406520100000,E50,1095,2012,I,20.0,20129.0
520620,17406660100000,E50,88,2012,R,20.0,20131.0
520640,17406680200000,E50,290,2012,R,20.0,20131.0
520767,17406760100000,E50,747,2012,I,20.0,20133.0
520903,17406960200000,E50,5,2012,I,20.0,20137.0
520925,17406980100000,E50,155,2012,R,20.0,20137.0
520991,17407020100000,E50,27,2012,I,20.0,20139.0
520998,17407020200000,E50,30,2012,I,20.0,20139.0
521185,17407160100000,E50,50,2012,I,20.0,20141.0
521196,17407160200000,E50,34,2012,I,20.0,20141.0
521203,17407180200000,E50,40,2012,I,20.0,20141.0
521287,17407216200000,E50,1518,2012,R,20.0,20143.0
521292,17407220100000,E50,23,2012,I,20.0,20143.0
521316,17407280100000,E50,180,2012,I,20.0,20143.0
521347,17407320100000,E50,175,2012,R,20.0,20145.0
521390,17407420100000,E50,39,2012,R,20.0,20147.0
521412,17407460100000,E50,80,2012,R,20.0,20147.0
521420,17407480100000,E50,169,2012,R,20.0,20147.0
521468,17407520100000,E50,13,2012,I,20.0,20149.0
521474,17407520200000,E50,14,2012,R,20.0,20149.0
521514,17407560100000,E50,2601,2012,I,20.0,20149.0
521522,17407560200000,E50,72,2012,I,20.0,20149.0
521578,17407720100000,E50,245,2012,I,20.0,20153.0
521584,17407780100000,E50,88,2012,R,20.0,20153.0
521627,17407815200000,E50,693,2012,I,20.0,20155.0
521633,17407820100000,E50,15,2012,R,20.0,20155.0
521707,17407880100000,E50,132,2012,R,20.0,20155.0
521835,17407920100000,E50,78,2012,I,20.0,20157.0
521842,17407920200000,E50,11,2012,R,20.0,20157.0
521917,17408080100000,E50,65,2012,I,20.0,20159.0
521923,17408080300000,E50,257,2012,I,20.0,20159.0
521979,17408116400000,E50,1381,2012,R,20.0,20161.0
522003,17408160100000,E50,2405,2012,R,20.0,20161.0
522110,17408220100000,E50,144,2012,R,20.0,20163.0
522120,17408220200000,E50,36,2012,R,20.0,20163.0
522128,17408220300000,E50,2305,2012,I,20.0,20163.0
522215,17408460100000,E50,180,2012,I,20.0,20167.0
522225,17408460200000,E50,19,2012,I,20.0,20167.0
522323,17408580100000,E50,2026,2012,R,20.0,20169.0
522367,17408660100000,E50,30,2012,I,20.0,20171.0
522489,17408730100000,E50,85,2012,R,20.0,20173.0
522601,17408820100000,E50,325,2012,I,20.0,20175.0
522695,17408915700000,E50,80,2012,I,20.0,20177.0
522702,17408920100000,E50,2049,2012,I,20.0,20177.0
522735,17408960200000,E50,79,2012,R,20.0,20177.0
522748,17408970100000,E50,10182,2012,R,20.0,20177.0
522809,17409060100000,E50,111,2012,I,20.0,20179.0
522821,17409160100000,E50,348,2012,R,20.0,20181.0
522854,17409220100000,E50,63,2012,I,20.0,20183.0
522861,17409220200000,E50,24,2012,I,20.0,20183.0
522866,17409220300000,E50,40,2012,I,20.0,20183.0
522876,17409260100000,E50,55,2012,I,20.0,20183.0
522960,17409320100000,E50,106,2012,R,20.0,20185.0
522968,17409320200000,E50,21,2012,R,20.0,20185.0
523002,17409520100000,E50,55,2012,I,20.0,20189.0
523051,17409620100000,E50,34,2012,I,20.0,20191.0
523056,17409620200000,E50,104,2012,R,20.0,20191.0
523060,17409620300000,E50,15,2012,I,20.0,20191.0
523110,17409680200000,E50,142,2012,I,20.0,20191.0
523175,17409780100000,E50,390,2012,R,20.0,20193.0
523192,17409820100000,E50,199,2012,R,20.0,20195.0
523257,17409920100000,E50,30,2012,I,20.0,20197.0
523261,17409920300000,E50,1370,2012,I,20.0,20197.0
523268,17409920400000,E50,1008,2012,I,20.0,20197.0
523389,17410160100000,E50,72,2012,I,20.0,20201.0
523402,17410160400000,E50,183,2012,I,20.0,20201.0
523408,17410180100000,E50,78,2012,R,20.0,20201.0
523414,17410180200000,E50,730,2012,I,20.0,20201.0
523425,17410180300000,E50,172,2012,I,20.0,20201.0
523474,17410220100000,E50,105,2012,I,20.0,20203.0
523564,17410320100000,E50,42,2012,I,20.0,20205.0
523581,17410360100000,E50,297,2012,R,20.0,20205.0
523718,17410420100000,E50,62,2012,R,20.0,20207.0
523723,17410420200000,E50,21,2012,I,20.0,20207.0
523783,17410550100000,E50,22248,2012,R,20.0,20209.0
523790,17410580100000,E50,502,2012,I,20.0,20209.0
62068,6000000000000,E50,94898,2014,R,8.0,
62244,6100100100000,E50,4558,2014,R,8.0,8001.0
62351,6100300300000,E50,1575,2014,R,8.0,8005.0
62514,6100700700000,E50,16744,2014,I,8.0,8013.0
62769,6101301300000,E50,257,2014,R,8.0,8025.0
62806,6101401400000,E50,45,2014,R,8.0,8027.0
62849,6101501500000,E50,148,2014,R,8.0,8029.0
62939,6101801700000,E50,7164,2014,R,8.0,8035.0
63004,6101901800000,E50,757,2014,R,8.0,8037.0
63100,6102102000000,E50,6036,2014,I,8.0,8041.0
63154,6102202100000,E50,121,2014,R,8.0,8043.0
63337,6102502400000,E50,1131,2014,R,8.0,8049.0
63396,6102602500000,E50,182,2014,R,8.0,8051.0
63564,6103002900000,E50,297,2014,R,8.0,8059.0
63926,6103803700000,E50,106,2014,R,8.0,8075.0
63986,6103903800000,E50,293,2014,I,8.0,8077.0
64069,6104104000000,E50,759,2014,R,8.0,8081.0
64266,6104504400000,E50,185,2014,R,8.0,8089.0
64457,6104904800000,E50,1014,2014,R,8.0,8097.0
64548,6105105000000,E50,8149,2014,R,8.0,8101.0
64606,6105205100000,E50,211,2014,R,8.0,8103.0
64726,6105405300000,E50,88,2014,R,8.0,8107.0
64765,6105505400000,E50,151,2014,R,8.0,8109.0
64930,6105905800000,E50,396,2014,R,8.0,8117.0
65222,6200100400000,E50,2824,2014,R,8.0,8001.0
65269,6200100600000,E50,90,2014,R,8.0,8001.0
65332,6200100700000,E50,5543,2014,R,8.0,8001.0
65446,6200300600000,E50,181,2014,R,8.0,8005.0
65507,6200350100000,E50,18694,2014,R,8.0,8005.0
65587,6200700100000,E50,14189,2014,I,8.0,8013.0
65647,6200700300000,E50,1109,2014,R,8.0,8013.0
65721,6200700400000,E50,2119,2014,R,8.0,8013.0
65865,6201600100000,E50,83080,2014,R,8.0,8031.0
65965,6201830100000,E50,762,2014,R,8.0,8035.0
66018,6201970100000,E50,2294,2014,R,8.0,8037.0
66083,6202100200000,E50,6059,2014,R,8.0,8041.0
66162,6202300500000,E50,46,2014,R,8.0,8045.0
66274,6203000100000,E50,9974,2014,I,8.0,8059.0
66332,6203080100000,E50,1880,2014,I,8.0,8059.0
66482,6203500200000,E50,116,2014,R,8.0,8069.0
66615,6203500400000,E50,6742,2014,I,8.0,8069.0
66673,6203900400000,E50,1894,2014,R,8.0,8077.0
66780,6204500300000,E50,215,2014,R,8.0,8089.0
66834,6204900100000,E50,11683,2014,R,8.0,8097.0
66922,6205100100000,E50,14896,2014,I,8.0,8101.0
66975,6205200200000,E50,207,2014,R,8.0,8103.0
67036,6205400300000,E50,309,2014,R,8.0,8107.0
67142,6206200500000,E50,1937,2014,R,8.0,8123.0
67204,6206201100000,E50,2806,2014,R,8.0,8123.0
67422,6400160100000,E50,23465,2014,R,8.0,8001.0
67608,6400361300000,E50,7605,2014,I,8.0,8005.0
67616,6400361500000,E50,1595,2014,I,8.0,8005.0
67713,6401600100000,E50,103853,2014,R,8.0,8031.0
68316,6403060700000,E50,3737,2014,R,8.0,8059.0
68328,6403060800000,E50,14055,2014,R,8.0,8059.0
66747,6000000000000,E50,87914,2013,R,8.0,
66921,6100100100000,E50,4558,2013,R,8.0,8001.0
67035,6100300300000,E50,2179,2013,R,8.0,8005.0
67116,6100700700000,E50,16983,2013,I,8.0,8013.0
67171,6100800800000,E50,645,2013,R,8.0,8015.0
67260,6101801700000,E50,6914,2013,R,8.0,8035.0
67328,6101901800000,E50,8765,2013,R,8.0,8037.0
67386,6102001900000,E50,283,2013,R,8.0,8039.0
67434,6102102000000,E50,6123,2013,R,8.0,8041.0
67601,6102402300000,E50,242,2013,R,8.0,8047.0
67679,6102602500000,E50,263,2013,R,8.0,8051.0
67754,6103002900000,E50,1228,2013,R,8.0,8059.0
67852,6103403300000,E50,479,2013,R,8.0,8067.0
67986,6103603500000,E50,17,2013,R,8.0,8071.0
68032,6103803700000,E50,83,2013,R,8.0,8075.0
68095,6103903800000,E50,297,2013,I,8.0,8077.0
68159,6104104000000,E50,802,2013,R,8.0,8081.0
68343,6104904800000,E50,863,2013,R,8.0,8097.0
68431,6105105000000,E50,194,2013,R,8.0,8101.0
68492,6105405300000,E50,88,2013,R,8.0,8107.0
68541,6105505400000,E50,257,2013,R,8.0,8109.0
68591,6105905800000,E50,422,2013,R,8.0,8117.0
68811,6200100400000,E50,2971,2013,R,8.0,8001.0
68860,6200100600000,E50,2085,2013,I,8.0,8001.0
68932,6200100700000,E50,6351,2013,R,8.0,8001.0
69071,6200300300000,E50,1265,2013,R,8.0,8005.0
69120,6200300600000,E50,88,2013,R,8.0,8005.0
69226,6200350100000,E50,12211,2013,R,8.0,8005.0
69304,6200700100000,E50,13243,2013,R,8.0,8013.0
69364,6200700300000,E50,1042,2013,R,8.0,8013.0
69427,6200700400000,E50,6087,2013,I,8.0,8013.0
69494,6200700500000,E50,103,2013,R,8.0,8013.0
69626,6201600100000,E50,74403,2013,R,8.0,8031.0
69725,6201810100000,E50,282,2013,R,8.0,8035.0
69752,6201830100000,E50,428,2013,R,8.0,8035.0
69799,6201860200000,E50,1243,2013,R,8.0,8035.0
69853,6201970100000,E50,1865,2013,R,8.0,8037.0
69925,6202100200000,E50,7585,2013,R,8.0,8041.0
69998,6202600200000,E50,16,2013,R,8.0,8051.0
70072,6203000100000,E50,9309,2013,R,8.0,8059.0
70123,6203000300000,E50,1532,2013,R,8.0,8059.0
70208,6203080100000,E50,1755,2013,I,8.0,8059.0
70275,6203200200000,E50,202,2013,R,8.0,8063.0
70402,6203500400000,E50,6292,2013,R,8.0,8069.0
70510,6203900400000,E50,2101,2013,R,8.0,8077.0
70586,6204400200000,E50,131,2013,R,8.0,8087.0
70657,6204900100000,E50,3590,2013,I,8.0,8097.0
70725,6205100100000,E50,13903,2013,I,8.0,8101.0
70826,6205900300000,E50,592,2013,R,8.0,8117.0
70866,6205980100000,E50,677,2013,R,8.0,8117.0
70908,6206000300000,E50,393,2013,I,8.0,8119.0
70954,6206200400000,E50,27,2013,R,8.0,8123.0
71083,6206201100000,E50,2493,2013,R,8.0,8123.0
71377,6400160100000,E50,21606,2013,R,8.0,8001.0
71577,6400361100000,E50,23778,2013,I,8.0,8005.0
71588,6400361300000,E50,7482,2013,I,8.0,8005.0
71706,6401600100000,E50,93799,2013,R,8.0,8031.0
72272,6402160400000,E50,31378,2013,R,8.0,8041.0
72475,6403041400000,E50,16466,2013,R,8.0,8059.0
142824,6000000000000,E50,100272,2012,R,8.0,
142999,6100100100000,E50,4421,2012,R,8.0,8001.0
143109,6100300300000,E50,2971,2012,R,8.0,8005.0
143174,6100400400000,E50,568,2012,R,8.0,8007.0
143266,6100600600000,E50,268,2012,I,8.0,8011.0
143360,6100700700000,E50,16786,2012,R,8.0,8013.0
143422,6100800800000,E50,438,2012,R,8.0,8015.0
143654,6101301300000,E50,288,2012,R,8.0,8025.0
143751,6101501500000,E50,132,2012,R,8.0,8029.0
143846,6101801700000,E50,4535,2012,R,8.0,8035.0
143916,6101901800000,E50,4284,2012,R,8.0,8037.0
143977,6102001900000,E50,247,2012,R,8.0,8039.0
144023,6102102000000,E50,7169,2012,R,8.0,8041.0
144186,6102402300000,E50,276,2012,R,8.0,8047.0
144254,6102502400000,E50,1479,2012,R,8.0,8049.0
144339,6102602500000,E50,174,2012,R,8.0,8051.0
144446,6102802700000,E50,26,2012,I,8.0,8055.0
144558,6103002900000,E50,419,2012,R,8.0,8059.0
144623,6103103000000,E50,6,2012,I,8.0,8061.0
144699,6103303200000,E50,30,2012,I,8.0,8065.0
144744,6103403300000,E50,504,2012,R,8.0,8067.0
144961,6103803700000,E50,87,2012,R,8.0,8075.0
145022,6103903800000,E50,294,2012,R,8.0,8077.0
145104,6104104000000,E50,597,2012,R,8.0,8081.0
145444,6104904800000,E50,191,2012,R,8.0,8097.0
145532,6105105000000,E50,1347,2012,R,8.0,8101.0
145597,6105205100000,E50,306,2012,R,8.0,8103.0
145727,6105405300000,E50,89,2012,R,8.0,8107.0
145775,6105505400000,E50,61,2012,R,8.0,8109.0
145945,6105905800000,E50,431,2012,R,8.0,8117.0
146056,6106106000000,E50,199,2012,I,8.0,8121.0
146111,6106206100000,E50,2717,2012,R,8.0,8123.0
146199,6200100200000,E50,368,2012,R,8.0,8001.0
146281,6200100400000,E50,2235,2012,I,8.0,8001.0
146327,6200100500000,E50,171,2012,R,8.0,8001.0
146389,6200100600000,E50,2011,2012,R,8.0,8001.0
146460,6200100700000,E50,7582,2012,R,8.0,8001.0
146533,6200180100000,E50,28,2012,R,8.0,8001.0
146724,6200300300000,E50,1359,2012,R,8.0,8005.0
146796,6200300500000,E50,1309,2012,R,8.0,8005.0
146841,6200300600000,E50,89,2012,R,8.0,8005.0
146891,6200300700000,E50,2089,2012,R,8.0,8005.0
147013,6200350100000,E50,11760,2012,R,8.0,8005.0
147263,6200500500000,E50,1,2012,I,8.0,8009.0
147374,6200700100000,E50,19804,2012,R,8.0,8013.0
147469,6200700300000,E50,534,2012,R,8.0,8013.0
147548,6200700400000,E50,5871,2012,R,8.0,8013.0
147618,6200700500000,E50,147,2012,R,8.0,8013.0
147687,6200700600000,E50,37,2012,I,8.0,8013.0
147942,6200800300000,E50,188,2012,R,8.0,8015.0
148002,6200900200000,E50,30,2012,I,8.0,8017.0
148508,6201500100000,E50,3,2012,R,8.0,8029.0
148592,6201500300000,E50,249,2012,R,8.0,8029.0
148767,6201600100000,E50,116553,2012,R,8.0,8031.0
149002,6201860200000,E50,1089,2012,R,8.0,8035.0
149252,6201960100000,E50,400,2012,R,8.0,8037.0
149309,6201970100000,E50,1669,2012,R,8.0,8037.0
149550,6202100200000,E50,4878,2012,R,8.0,8041.0
149617,6202100300000,E50,7,2012,R,8.0,8041.0
149684,6202100500000,E50,216,2012,R,8.0,8041.0
149726,6202100600000,E50,39,2012,R,8.0,8041.0
150261,6202300600000,E50,196,2012,R,8.0,8045.0
150308,6202400100000,E50,91,2012,R,8.0,8047.0
150416,6202500200000,E50,45,2012,R,8.0,8049.0
150550,6202560100000,E50,30,2012,R,8.0,8049.0
150597,6202600100000,E50,203,2012,R,8.0,8051.0
150650,6202600200000,E50,17,2012,R,8.0,8051.0
150792,6202690200000,E50,340,2012,I,8.0,8051.0
150833,6202700100000,E50,60,2012,I,8.0,8053.0
150949,6203000100000,E50,10034,2012,R,8.0,8059.0
151053,6203000300000,E50,748,2012,R,8.0,8059.0
151216,6203080100000,E50,1693,2012,R,8.0,8059.0
151580,6203400100000,E50,28,2012,R,8.0,8067.0
151635,6203400200000,E50,883,2012,R,8.0,8067.0
151692,6203400300000,E50,95,2012,R,8.0,8067.0
151881,6203500400000,E50,14520,2012,R,8.0,8069.0
152669,6203900400000,E50,2325,2012,R,8.0,8077.0
153012,6204300100000,E50,161,2012,R,8.0,8085.0
153063,6204300200000,E50,13,2012,I,8.0,8085.0
153174,6204400100000,E50,106,2012,R,8.0,8087.0
153234,6204400200000,E50,127,2012,R,8.0,8087.0
153444,6204500300000,E50,130,2012,R,8.0,8089.0
153594,6204500600000,E50,13,2012,I,8.0,8089.0
153787,6204800100000,E50,52,2012,I,8.0,8095.0
153840,6204800200000,E50,34,2012,I,8.0,8095.0
153911,6204900100000,E50,3463,2012,R,8.0,8097.0
153974,6204960100000,E50,1026,2012,R,8.0,8097.0
154234,6205100100000,E50,13411,2012,R,8.0,8101.0
154319,6205200100000,E50,101,2012,R,8.0,8103.0
154365,6205200200000,E50,25,2012,R,8.0,8103.0
154610,6205400300000,E50,1407,2012,R,8.0,8107.0
154911,6205700400000,E50,1151,2012,R,8.0,8113.0
154980,6205730100000,E50,1852,2012,R,8.0,8113.0
155152,6205900100000,E50,4197,2012,R,8.0,8117.0
155246,6205900300000,E50,636,2012,R,8.0,8117.0
155375,6206000100000,E50,51,2012,R,8.0,8119.0
155424,6206000200000,E50,4,2012,I,8.0,8119.0
155463,6206000300000,E50,379,2012,R,8.0,8119.0
155760,6206200500000,E50,493,2012,R,8.0,8123.0
156042,6206201100000,E50,4346,2012,R,8.0,8123.0
157485,6400122000000,E50,176,2012,R,8.0,8001.0
157915,6400160100000,E50,24322,2012,R,8.0,8001.0
157998,6400180500000,E50,2366,2012,I,8.0,8001.0
158101,6400270100000,E50,993,2012,I,8.0,8003.0
158532,6400320900000,E50,61,2012,I,8.0,8005.0
159373,6400361100000,E50,23637,2012,I,8.0,8005.0
159384,6400361200000,E50,5002,2012,I,8.0,8005.0
159397,6400361300000,E50,7438,2012,R,8.0,8005.0
159411,6400361500000,E50,1606,2012,R,8.0,8005.0
159693,6400420200000,E50,83,2012,R,8.0,8007.0
159819,6400520400000,E50,23,2012,R,8.0,8009.0
159932,6400610100000,E50,349,2012,I,8.0,8011.0
160252,6400761200000,E50,5538,2012,R,8.0,8013.0
160264,6400761300000,E50,594,2012,I,8.0,8013.0
160337,6400780100000,E50,71,2012,I,8.0,8013.0
160490,6400880100000,E50,92,2012,R,8.0,8015.0
160572,6400960200000,E50,221,2012,I,8.0,8017.0
160708,6401170100000,E50,5,2012,R,8.0,8021.0
160749,6401192100000,E50,250,2012,I,8.0,8021.0
160783,6401260100000,E50,349,2012,I,8.0,8023.0
160999,6401510100000,E50,1639,2012,R,8.0,8029.0
161083,6401560400000,E50,3111,2012,R,8.0,8029.0
161120,6401600100000,E50,97169,2012,R,8.0,8031.0
161671,6401812300000,E50,690,2012,R,8.0,8035.0
162989,6401911300000,E50,6,2012,R,8.0,8037.0
163078,6401920500000,E50,396,2012,I,8.0,8037.0
164457,6402120900000,E50,38,2012,R,8.0,8041.0
164869,6402160400000,E50,27322,2012,I,8.0,8041.0
164882,6402160500000,E50,522,2012,A,8.0,8041.0
165316,6402320200000,E50,482,2012,R,8.0,8045.0
165348,6402340300000,E50,3513,2012,R,8.0,8045.0
165694,6402520100000,E50,948,2012,R,8.0,8049.0
165998,6402610200000,E50,513,2012,I,8.0,8051.0
166242,6402850300000,E50,711,2012,I,8.0,8055.0
166931,6403020800000,E50,564,2012,R,8.0,8059.0
167164,6403041400000,E50,15472,2012,R,8.0,8059.0
167274,6403060700000,E50,3827,2012,R,8.0,8059.0
167287,6403060800000,E50,13439,2012,R,8.0,8059.0
167653,6403220100000,E50,1,2012,I,8.0,8063.0
167677,6403260200000,E50,150,2012,I,8.0,8063.0
167885,6403411000000,E50,152,2012,I,8.0,8067.0
168328,6403510100000,E50,493,2012,R,8.0,8069.0
168890,6403560400000,E50,12288,2012,R,8.0,8069.0
168906,6403560500000,E50,7797,2012,R,8.0,8069.0
168979,6403580400000,E50,224,2012,R,8.0,8069.0
169170,6403670100000,E50,1554,2012,I,8.0,8071.0
169190,6403680100000,E50,40,2012,R,8.0,8071.0
169211,6403720100000,E50,41,2012,I,8.0,8073.0
169227,6403730100000,E50,5,2012,I,8.0,8073.0
169253,6403780200000,E50,159,2012,R,8.0,8073.0
169357,6403860100000,E50,1315,2012,R,8.0,8075.0
169540,6403920200000,E50,9308,2012,R,8.0,8077.0
169710,6404130100000,E50,247,2012,R,8.0,8081.0
169877,6404240100000,E50,1771,2012,R,8.0,8083.0
170148,6404360300000,E50,1680,2012,R,8.0,8085.0
170241,6404420300000,E50,478,2012,R,8.0,8087.0
170313,6404480100000,E50,516,2012,I,8.0,8087.0
170369,6404520100000,E50,927,2012,R,8.0,8089.0
170389,6404560200000,E50,2782,2012,R,8.0,8089.0
170398,6404560300000,E50,915,2012,R,8.0,8089.0
170814,6404860100000,E50,263,2012,I,8.0,8095.0
170821,6404860200000,E50,178,2012,R,8.0,8095.0
171033,6404940100000,E50,1444,2012,R,8.0,8097.0
171186,6405040400000,E50,761,2012,R,8.0,8099.0
171222,6405070300000,E50,86,2012,I,8.0,8099.0
171371,6405150200000,E50,17579,2012,R,8.0,8101.0
171533,6405220100000,E50,105,2012,R,8.0,8103.0
171548,6405220300000,E50,230,2012,I,8.0,8103.0
171794,6405410300000,E50,618,2012,R,8.0,8107.0
172058,6405560200000,E50,325,2012,I,8.0,8109.0
172118,6405710200000,E50,242,2012,R,8.0,8113.0
172158,6405730100000,E50,71,2012,R,8.0,8113.0
172272,6405880300000,E50,221,2012,R,8.0,8115.0
172356,6405920500000,E50,396,2012,R,8.0,8117.0
172761,6406110100000,E50,1,2012,R,8.0,8121.0
172772,6406160100000,E50,383,2012,I,8.0,8121.0
173445,6406220400000,E50,72,2012,I,8.0,8123.0
173467,6406220800000,E50,28,2012,I,8.0,8123.0
173476,6406220900000,E50,152,2012,R,8.0,8123.0
173486,6406221000000,E50,5,2012,R,8.0,8123.0
173917,6406240500000,E50,383,2012,R,8.0,8123.0
173947,6406260200000,E50,605,2012,R,8.0,8123.0
173959,6406260300000,E50,3869,2012,I,8.0,8123.0
173969,6406260400000,E50,36,2012,R,8.0,8123.0
173978,6406260500000,E50,2652,2012,R,8.0,8123.0
174046,6406280200000,E50,132,2012,R,8.0,8123.0
174120,6406360100000,E50,283,2012,R,8.0,8125.0
174129,6406370200000,E50,234,2012,R,8.0,8125.0
305022,26000000000000,E50,191845,2014,R,29.0,
305630,26103003000000,E50,218,2014,I,29.0,29059.0
305905,26105005000000,E50,1177,2014,I,29.0,29099.0
306153,26108508500000,E50,1441,2014,I,29.0,29169.0
306189,26109209200000,E50,5058,2014,R,29.0,29183.0
306255,26109509500000,E50,14475,2014,R,29.0,29189.0
306355,26111111000000,E50,2,2014,I,29.0,29221.0
306389,26200100300000,E50,66,2014,R,29.0,29001.0
306485,26200400500000,E50,118,2014,R,29.0,29007.0
306684,26201000300000,E50,1764,2014,R,29.0,29019.0
306970,26201600100000,E50,2183,2014,I,29.0,29031.0
307030,26201600300000,E50,462,2014,I,29.0,29031.0
307121,26201901000000,E50,516,2014,I,29.0,29037.0
307307,26202400500000,E50,1379,2014,I,29.0,29047.0
307360,26202400800000,E50,8799,2014,R,29.0,29047.0
307476,26202450100000,E50,423,2014,R,29.0,29047.0
307535,26202600300000,E50,345,2014,R,29.0,29051.0
307789,26203900300000,E50,3144,2014,R,29.0,29077.0
307970,26204800100000,E50,737,2014,I,29.0,29095.0
308061,26204800400000,E50,517,2014,R,29.0,29095.0
308103,26204800500000,E50,6067,2014,R,29.0,29095.0
308177,26204800600000,E50,35640,2014,R,29.0,29095.0
308259,26204800700000,E50,1111,2014,R,29.0,29095.0
308302,26204801000000,E50,683,2014,I,29.0,29095.0
308394,26204900800000,E50,1031,2014,R,29.0,29097.0
308546,26205010200000,E50,237,2014,I,29.0,29099.0
308773,26205900100000,E50,769,2014,I,29.0,29117.0
308884,26206100700000,E50,110,2014,R,29.0,29121.0
309080,26207900600000,E50,202,2014,I,29.0,29157.0
309235,26208100500000,E50,387,2014,R,29.0,29161.0
309312,26208301100000,E50,386,2014,I,29.0,29165.0
309454,26208800700000,E50,4,2014,R,29.0,29175.0
309514,26209200200000,E50,206,2014,R,29.0,29183.0
309644,26209200500000,E50,172,2014,R,29.0,29183.0
309701,26209200600000,E50,334,2014,R,29.0,29183.0
309910,26209500300000,E50,1,2014,R,29.0,29189.0
309979,26209501800000,E50,275,2014,R,29.0,29189.0
310039,26209502300000,E50,359,2014,R,29.0,29189.0
310136,26209503100000,E50,296,2014,I,29.0,29189.0
310167,26209503400000,E50,931,2014,I,29.0,29189.0
310342,26209505100000,E50,239,2014,R,29.0,29189.0
310539,26209508200000,E50,1553,2014,I,29.0,29189.0
310645,26209540100000,E50,189,2014,R,29.0,29189.0
310748,26209600100000,E50,19054,2014,R,29.0,29510.0
310866,26210101300000,E50,49,2014,R,29.0,29201.0
310962,26210700200000,E50,819,2014,R,29.0,29213.0
311204,26404800400000,E50,70464,2014,R,29.0,29095.0
311509,26409250100000,E50,2416,2014,I,29.0,29183.0
311689,26409580100000,E50,54700,2014,I,29.0,29189.0
311717,26409600100000,E50,75446,2014,R,29.0,29510.0
306626,26000000000000,E50,181033,2013,R,29.0,
306951,26101101100000,E50,45,2013,R,29.0,29021.0
307244,26104804800000,E50,676,2013,R,29.0,29095.0
307336,26105005000000,E50,1238,2013,R,29.0,29099.0
307691,26109209200000,E50,5481,2013,S,29.0,29183.0
307733,26109409400000,E50,153,2013,R,29.0,29187.0
307784,26109509500000,E50,24286,2013,R,29.0,29189.0
307974,26200100300000,E50,167,2013,R,29.0,29001.0
308107,26201000300000,E50,1083,2013,R,29.0,29019.0
308197,26201100500000,E50,1419,2013,R,29.0,29021.0
308407,26201600100000,E50,2117,2013,R,29.0,29031.0
308467,26201600300000,E50,448,2013,R,29.0,29031.0
308560,26201901000000,E50,500,2013,R,29.0,29037.0
308704,26202200400000,E50,23,2013,R,29.0,29043.0
308758,26202400500000,E50,1337,2013,R,29.0,29047.0
308846,26202400800000,E50,5391,2013,R,29.0,29047.0
309025,26202500100000,E50,25,2013,R,29.0,29049.0
309080,26202600300000,E50,318,2013,R,29.0,29051.0
309167,26203300100000,E50,1,2013,I,29.0,29065.0
309391,26203601100000,E50,161,2013,R,29.0,29071.0
309544,26203900300000,E50,4210,2013,R,29.0,29077.0
309618,26204000600000,E50,56,2013,R,29.0,29079.0
309728,26204800100000,E50,715,2013,R,29.0,29095.0
309818,26204800400000,E50,518,2013,R,29.0,29095.0
309866,26204800500000,E50,1772,2013,R,29.0,29095.0
309944,26204800600000,E50,34849,2013,R,29.0,29095.0
310024,26204800700000,E50,1110,2013,R,29.0,29095.0
310067,26204801000000,E50,662,2013,I,29.0,29095.0
310168,26204900800000,E50,1323,2013,R,29.0,29097.0
310297,26205010200000,E50,230,2013,I,29.0,29099.0
310340,26205090100000,E50,114,2013,R,29.0,29099.0
310565,26205900100000,E50,746,2013,I,29.0,29117.0
310619,26206100700000,E50,83,2013,R,29.0,29121.0
310860,26207900600000,E50,196,2013,I,29.0,29157.0
310996,26208100500000,E50,601,2013,R,29.0,29161.0
311053,26208301100000,E50,374,2013,R,29.0,29165.0
311194,26209200200000,E50,342,2013,R,29.0,29183.0
311260,26209200400000,E50,548,2013,R,29.0,29183.0
311330,26209200500000,E50,195,2013,R,29.0,29183.0
311393,26209200600000,E50,4987,2013,S,29.0,29183.0
311445,26209290200000,E50,565,2013,R,29.0,29183.0
311579,26209501200000,E50,177,2013,I,29.0,29189.0
311659,26209501800000,E50,973,2013,R,29.0,29189.0
311723,26209502300000,E50,357,2013,R,29.0,29189.0
311857,26209503100000,E50,287,2013,I,29.0,29189.0
311886,26209503200000,E50,435,2013,I,29.0,29189.0
311925,26209503400000,E50,903,2013,R,29.0,29189.0
312074,26209505100000,E50,235,2013,R,29.0,29189.0
312115,26209505200000,E50,919,2013,R,29.0,29189.0
312275,26209508200000,E50,1506,2013,R,29.0,29189.0
312329,26209508400000,E50,1273,2013,R,29.0,29189.0
312365,26209509000000,E50,2,2013,R,29.0,29189.0
312412,26209540100000,E50,570,2013,R,29.0,29189.0
312519,26209600100000,E50,24051,2013,S,29.0,29510.0
312639,26210101300000,E50,322,2013,R,29.0,29201.0
312728,26210700200000,E50,1377,2013,R,29.0,29213.0
312810,26211000300000,E50,145,2013,R,29.0,29219.0
313010,26402670100000,E50,4001,2013,R,29.0,29051.0
313095,26404800400000,E50,72653,2013,R,29.0,29095.0
313141,26404860100000,E50,13319,2013,R,29.0,29095.0
313290,26406080300000,E50,368,2013,R,29.0,29119.0
313325,26407280100000,E50,88,2013,R,29.0,29143.0
313624,26409580100000,E50,53970,2013,I,29.0,29189.0
313653,26409600100000,E50,73548,2013,R,29.0,29510.0
793944,26000000000000,E50,194048,2012,R,29.0,
794325,26101001000000,E50,144,2012,R,29.0,29019.0
794540,26101701700000,E50,8,2012,R,29.0,29033.0
795023,26103403400000,E50,345,2012,I,29.0,29067.0
795475,26104804800000,E50,568,2012,R,29.0,29095.0
795568,26105005000000,E50,1759,2012,I,29.0,29099.0
795862,26106106100000,E50,12,2012,R,29.0,29121.0
796435,26108208200000,E50,251,2012,R,29.0,29163.0
796524,26108508500000,E50,1592,2012,R,29.0,29169.0
796730,26109209200000,E50,5228,2012,R,29.0,29183.0
796840,26109509500000,E50,21299,2012,R,29.0,29189.0
797013,26110110000000,E50,40,2012,R,29.0,29201.0
797207,26111010900000,E50,323,2012,R,29.0,29219.0
797245,26111111000000,E50,2,2012,R,29.0,29221.0
797389,26200100300000,E50,186,2012,R,29.0,29001.0
797801,26200400500000,E50,994,2012,R,29.0,29007.0
797855,26200400700000,E50,78,2012,I,29.0,29007.0
798343,26200650100000,E50,18,2012,I,29.0,29011.0
798906,26201000300000,E50,1905,2012,R,29.0,29019.0
799111,26201050100000,E50,2,2012,I,29.0,29019.0
799208,26201100500000,E50,1257,2012,R,29.0,29021.0
799883,26201600100000,E50,390,2012,R,29.0,29031.0
800144,26201700200000,E50,5,2012,I,29.0,29033.0
800645,26201901000000,E50,754,2012,R,29.0,29037.0
801205,26202200400000,E50,24,2012,R,29.0,29043.0
801531,26202400200000,E50,6,2012,I,29.0,29047.0
801629,26202400500000,E50,1668,2012,R,29.0,29047.0
801732,26202400800000,E50,767,2012,R,29.0,29047.0
801922,26202450100000,E50,486,2012,R,29.0,29047.0
801990,26202450300000,E50,13,2012,I,29.0,29047.0
802125,26202500100000,E50,97,2012,R,29.0,29049.0
802336,26202600300000,E50,422,2012,R,29.0,29051.0
802575,26202700300000,E50,14,2012,I,29.0,29053.0
802856,26202830100000,E50,2,2012,I,29.0,29055.0
803099,26203100100000,E50,25,2012,I,29.0,29061.0
803410,26203300100000,E50,1,2012,I,29.0,29065.0
803809,26203600600000,E50,40,2012,R,29.0,29071.0
804279,26203800100000,E50,66,2012,I,29.0,29075.0
804524,26203900300000,E50,2388,2012,R,29.0,29077.0
804835,26204000600000,E50,60,2012,I,29.0,29079.0
805027,26204200200000,E50,1,2012,I,29.0,29083.0
805849,26204750100000,E50,6,2012,I,29.0,29093.0
806046,26204800400000,E50,786,2012,R,29.0,29095.0
806098,26204800500000,E50,756,2012,R,29.0,29095.0
806170,26204800600000,E50,39978,2012,R,29.0,29095.0
806263,26204800700000,E50,1459,2012,R,29.0,29095.0
806358,26204801000000,E50,659,2012,R,29.0,29095.0
806802,26204900800000,E50,1656,2012,R,29.0,29097.0
806986,26204901300000,E50,8,2012,I,29.0,29097.0
807051,26204901500000,E50,2,2012,I,29.0,29097.0
807094,26204901600000,E50,105,2012,R,29.0,29097.0
807149,26204950400000,E50,21,2012,I,29.0,29097.0
807558,26205090100000,E50,138,2012,R,29.0,29099.0
807671,26205100200000,E50,279,2012,R,29.0,29101.0
807792,26205100800000,E50,717,2012,R,29.0,29101.0
808639,26205550200000,E50,11,2012,I,29.0,29109.0
809291,26205900100000,E50,742,2012,R,29.0,29117.0
809335,26205900200000,E50,1,2012,I,29.0,29117.0
809589,26206000700000,E50,17,2012,I,29.0,29119.0
809778,26206100700000,E50,59,2012,R,29.0,29121.0
809840,26206100800000,E50,9,2012,I,29.0,29121.0
810424,26206700200000,E50,1,2012,R,29.0,29133.0
810914,26207000600000,E50,4,2012,I,29.0,29139.0
810943,26207000700000,E50,53,2012,R,29.0,29139.0
811443,26207201000000,E50,43,2012,I,29.0,29143.0
812642,26207890100000,E50,13,2012,I,29.0,29155.0
812792,26207900600000,E50,231,2012,R,29.0,29157.0
813088,26208100500000,E50,668,2012,R,29.0,29161.0
813259,26208200300000,E50,235,2012,I,29.0,29163.0
813394,26208300100000,E50,6,2012,I,29.0,29165.0
813558,26208300800000,E50,209,2012,R,29.0,29165.0
813669,26208301100000,E50,418,2012,R,29.0,29165.0
813822,26208400200000,E50,200,2012,R,29.0,29167.0
814262,26208700100000,E50,4,2012,I,29.0,29173.0
814405,26208800400000,E50,4,2012,I,29.0,29175.0
814957,26209200200000,E50,174,2012,R,29.0,29183.0
815034,26209200400000,E50,507,2012,R,29.0,29183.0
815108,26209200500000,E50,135,2012,R,29.0,29183.0
815227,26209230100000,E50,63,2012,I,29.0,29183.0
815687,26209400200000,E50,60,2012,R,29.0,29187.0
815813,26209420100000,E50,202,2012,I,29.0,29187.0
816127,26209501200000,E50,176,2012,R,29.0,29189.0
816301,26209501800000,E50,314,2012,R,29.0,29189.0
816447,26209502300000,E50,351,2012,R,29.0,29189.0
816706,26209503100000,E50,286,2012,R,29.0,29189.0
816736,26209503200000,E50,433,2012,R,29.0,29189.0
816809,26209503400000,E50,904,2012,R,29.0,29189.0
817352,26209505100000,E50,230,2012,R,29.0,29189.0
817752,26209506900000,E50,175,2012,R,29.0,29189.0
817852,26209507200000,E50,80,2012,R,29.0,29189.0
817899,26209507300000,E50,52,2012,I,29.0,29189.0
818114,26209508200000,E50,1408,2012,R,29.0,29189.0
818200,26209508400000,E50,119,2012,R,29.0,29189.0
818357,26209509000000,E50,17,2012,R,29.0,29189.0
818526,26209540100000,E50,1245,2012,R,29.0,29189.0
818700,26209600100000,E50,29538,2012,R,29.0,29510.0
819103,26209900100000,E50,6,2012,I,29.0,29197.0
819225,26210000400000,E50,6,2012,R,29.0,29199.0
819502,26210101300000,E50,352,2012,R,29.0,29201.0
819725,26210300300000,E50,29,2012,R,29.0,29205.0
820477,26210700200000,E50,2066,2012,R,29.0,29213.0
821089,26211000300000,E50,128,2012,R,29.0,29219.0
821268,26211100400000,E50,150,2012,I,29.0,29221.0
821315,26211200100000,E50,8,2012,I,29.0,29223.0
821578,26211400300000,E50,8,2012,I,29.0,29227.0
823848,26400160100000,E50,572,2012,R,29.0,29001.0
824093,26400380100000,E50,1982,2012,I,29.0,29005.0
824192,26400450200000,E50,1291,2012,R,29.0,29007.0
824201,26400460100000,E50,176,2012,I,29.0,29007.0
824519,26400560200000,E50,66,2012,I,29.0,29009.0
824974,26401050100000,E50,11172,2012,R,29.0,29019.0
825200,26401160100000,E50,1109,2012,R,29.0,29021.0
825274,26401270100000,E50,2446,2012,R,29.0,29023.0
825350,26401360100000,E50,61,2012,I,29.0,29025.0
826014,26401760200000,E50,401,2012,I,29.0,29033.0
826597,26402160100000,E50,99,2012,R,29.0,29041.0
826912,26402420400000,E50,2481,2012,R,29.0,29047.0
827001,26402480100000,E50,1816,2012,R,29.0,29047.0
827010,26402480200000,E50,166,2012,I,29.0,29047.0
827123,26402540100000,E50,59,2012,R,29.0,29049.0
827129,26402560100000,E50,384,2012,R,29.0,29049.0
827253,26402670100000,E50,4850,2012,R,29.0,29051.0
827386,26402780100000,E50,69,2012,I,29.0,29053.0
827820,26403380200000,E50,214,2012,I,29.0,29065.0
827836,26403430100000,E50,197,2012,R,29.0,29067.0
827926,26403570100000,E50,83,2012,I,29.0,29069.0
827930,26403580100000,E50,344,2012,R,29.0,29069.0
827938,26403580200000,E50,87,2012,I,29.0,29069.0
827948,26403580300000,E50,589,2012,I,29.0,29069.0
827956,26403580400000,E50,116,2012,R,29.0,29069.0
827966,26403580500000,E50,164,2012,R,29.0,29069.0
827973,26403580600000,E50,600,2012,I,29.0,29069.0
827980,26403580700000,E50,114,2012,R,29.0,29069.0
828532,26403960100000,E50,64,2012,R,29.0,29077.0
828563,26403980100000,E50,7544,2012,I,29.0,29077.0
828571,26404010100000,E50,1605,2012,R,29.0,29079.0
828691,26404140100000,E50,20,2012,I,29.0,29081.0
828700,26404140200000,E50,44,2012,I,29.0,29081.0
828715,26404160100000,E50,305,2012,R,29.0,29081.0
829022,26404480100000,E50,23,2012,I,29.0,29087.0
829158,26404580100000,E50,197,2012,R,29.0,29089.0
829165,26404580200000,E50,90,2012,I,29.0,29089.0
829241,26404680100000,E50,1228,2012,I,29.0,29091.0
829328,26404800400000,E50,69022,2012,R,29.0,29095.0
829574,26404860100000,E50,12174,2012,R,29.0,29095.0
829584,26404860200000,E50,838,2012,R,29.0,29095.0
829747,26404960300000,E50,900,2012,I,29.0,29097.0
829757,26404960400000,E50,400,2012,R,29.0,29097.0
829896,26405040200000,E50,296,2012,R,29.0,29099.0
830223,26405120100000,E50,92,2012,I,29.0,29101.0
830422,26405360100000,E50,5,2012,I,29.0,29105.0
830624,26405460300000,E50,333,2012,R,29.0,29107.0
830633,26405460400000,E50,74,2012,I,29.0,29107.0
830772,26405560100000,E50,242,2012,R,29.0,29109.0
830781,26405560200000,E50,98,2012,R,29.0,29109.0
831136,26405860100000,E50,49,2012,R,29.0,29115.0
831149,26405860200000,E50,31,2012,R,29.0,29115.0
831169,26405880100000,E50,479,2012,R,29.0,29115.0
831180,26405880200000,E50,364,2012,I,29.0,29115.0
831264,26405990400000,E50,236,2012,R,29.0,29117.0
831280,26406010200000,E50,250,2012,I,29.0,29119.0
831338,26406080100000,E50,188,2012,I,29.0,29119.0
831344,26406080200000,E50,96,2012,I,29.0,29119.0
831350,26406080300000,E50,335,2012,R,29.0,29119.0
831361,26406080400000,E50,48,2012,I,29.0,29119.0
831367,26406080500000,E50,188,2012,I,29.0,29119.0
831434,26406160100000,E50,272,2012,R,29.0,29121.0
831649,26406460100000,E50,1129,2012,R,29.0,29127.0
831702,26406560100000,E50,96,2012,R,29.0,29129.0
831883,26406760100000,E50,473,2012,R,29.0,29133.0
831891,26406770100000,E50,984,2012,R,29.0,29133.0
832280,26407210100000,E50,405,2012,R,29.0,29143.0
832337,26407260300000,E50,555,2012,R,29.0,29143.0
832366,26407280100000,E50,103,2012,R,29.0,29143.0
832374,26407280200000,E50,464,2012,R,29.0,29143.0
832442,26407340200000,E50,186,2012,R,29.0,29145.0
832581,26407460100000,E50,1639,2012,I,29.0,29147.0
832589,26407460200000,E50,857,2012,R,29.0,29147.0
832600,26407460300000,E50,74,2012,I,29.0,29147.0
832667,26407560100000,E50,91,2012,I,29.0,29149.0
832675,26407560200000,E50,60,2012,I,29.0,29149.0
832831,26407810100000,E50,3111,2012,I,29.0,29155.0
832860,26407830300000,E50,179,2012,R,29.0,29155.0
832868,26407880100000,E50,357,2012,R,29.0,29155.0
832876,26407880200000,E50,527,2012,R,29.0,29155.0
832883,26407880300000,E50,553,2012,I,29.0,29155.0
832889,26407880400000,E50,6,2012,I,29.0,29155.0
833021,26408140100000,E50,55,2012,I,29.0,29161.0
833030,26408160100000,E50,821,2012,R,29.0,29161.0
833112,26408260100000,E50,484,2012,I,29.0,29163.0
833299,26408360100000,E50,3,2012,R,29.0,29165.0
833597,26408560100000,E50,134,2012,R,29.0,29169.0
833803,26408870100000,E50,1295,2012,R,29.0,29175.0
833897,26408910100000,E50,38,2012,I,29.0,29177.0
834025,26408960200000,E50,302,2012,I,29.0,29177.0
834033,26408960300000,E50,1068,2012,I,29.0,29177.0
834424,26409250100000,E50,2415,2012,R,29.0,29183.0
834635,26409360100000,E50,7084,2012,R,29.0,29185.0
834641,26409380100000,E50,111,2012,R,29.0,29185.0
835229,26409515200000,E50,522,2012,I,29.0,29189.0
835426,26409560100000,E50,476,2012,R,29.0,29189.0
835438,26409560200000,E50,482,2012,I,29.0,29189.0
835451,26409560300000,E50,3513,2012,I,29.0,29189.0
835458,26409560400000,E50,800,2012,I,29.0,29189.0
835472,26409580100000,E50,53882,2012,I,29.0,29189.0
835520,26409600100000,E50,79743,2012,R,29.0,29510.0
835954,26409870100000,E50,1268,2012,R,29.0,29195.0
835972,26409880300000,E50,112,2012,R,29.0,29195.0
836007,26409960100000,E50,149,2012,R,29.0,29197.0
836075,26410060100000,E50,61,2012,R,29.0,29199.0
836247,26410160100000,E50,132,2012,R,29.0,29201.0
836262,26410170100000,E50,606,2012,R,29.0,29201.0
836268,26410180100000,E50,49,2012,R,29.0,29201.0
836276,26410180200000,E50,484,2012,R,29.0,29201.0
836511,26410480100000,E50,218,2012,R,29.0,29207.0
836519,26410480200000,E50,164,2012,R,29.0,29207.0
836527,26410480300000,E50,461,2012,I,29.0,29207.0
836818,26410780100000,E50,135,2012,R,29.0,29213.0
836873,26410860100000,E50,189,2012,I,29.0,29215.0
836990,26410960100000,E50,835,2012,R,29.0,29217.0
837121,26411180100000,E50,267,2012,R,29.0,29221.0
837328,26411520100000,E50,106,2012,I,29.0,29229.0
837353,26411560100000,E50,124,2012,I,29.0,29229.0
837359,26411560200000,E50,1384,2012,I,29.0,29229.0
461437,37000000000000,E50,165750,2014,R,40.0,
461789,37100700700000,E50,305,2014,I,40.0,40013.0
461935,37101201200000,E50,47,2014,R,40.0,40023.0
461968,37101301300000,E50,10,2014,I,40.0,40025.0
462181,37102002000000,E50,71,2014,R,40.0,40039.0
462372,37102702700000,E50,6,2014,I,40.0,40053.0
462507,37103203200000,E50,229,2014,I,40.0,40063.0
463527,37106706700000,E50,15,2014,I,40.0,40133.0
463576,37106906900000,E50,88,2014,I,40.0,40137.0
463683,37107207200000,E50,2693,2014,R,40.0,40143.0
463777,37107407400000,E50,71,2014,R,40.0,40147.0
463955,37200500200000,E50,1098,2014,R,40.0,40009.0
464024,37200700700000,E50,402,2014,R,40.0,40013.0
464087,37200900200000,E50,349,2014,R,40.0,40017.0
464353,37201400200000,E50,14500,2014,R,40.0,40027.0
464414,37201400400000,E50,1477,2014,R,40.0,40027.0
464494,37201600800000,E50,926,2014,I,40.0,40031.0
464569,37201900900000,E50,502,2014,R,40.0,40037.0
464634,37202000300000,E50,831,2014,R,40.0,40039.0
464700,37202100200000,E50,351,2014,R,40.0,40041.0
464754,37202300400000,E50,17,2014,R,40.0,40045.0
464815,37202400500000,E50,8585,2014,R,40.0,40047.0
464944,37202600200000,E50,392,2014,R,40.0,40051.0
465070,37203600100000,E50,465,2014,R,40.0,40071.0
465335,37204400300000,E50,32,2014,R,40.0,40087.0
465638,37205500400000,E50,265,2014,R,40.0,40109.0
465705,37205501300000,E50,8600,2014,R,40.0,40109.0
465777,37205501500000,E50,30396,2014,R,40.0,40109.0
465866,37205800400000,E50,24,2014,R,40.0,40115.0
466065,37206101000000,E50,268,2014,R,40.0,40121.0
466124,37206200100000,E50,397,2014,R,40.0,40123.0
466247,37206600300000,E50,620,2014,R,40.0,40131.0
466384,37206900200000,E50,739,2014,R,40.0,40137.0
466449,37207000200000,E50,361,2014,I,40.0,40139.0
466555,37207200200000,E50,61,2014,R,40.0,40143.0
466717,37207200600000,E50,1135,2014,R,40.0,40143.0
466778,37207200700000,E50,403,2014,R,40.0,40143.0
466850,37207201000000,E50,8814,2014,R,40.0,40143.0
466978,37207300600000,E50,99,2014,R,40.0,40145.0
467036,37207400100000,E50,1104,2014,R,40.0,40147.0
467156,37400360100000,E50,346,2014,R,40.0,40005.0
467165,37400360200000,E50,13299,2014,R,40.0,40005.0
467189,37400560200000,E50,1745,2014,I,40.0,40009.0
467216,37400860400000,E50,2067,2014,R,40.0,40015.0
467224,37400880100000,E50,337,2014,R,40.0,40015.0
467270,37401460100000,E50,7077,2014,R,40.0,40027.0
467279,37401460200000,E50,1485,2014,I,40.0,40027.0
467339,37402580300000,E50,109,2014,R,40.0,40049.0
467448,37405160200000,E50,5839,2014,R,40.0,40101.0
467490,37405580100000,E50,49175,2014,R,40.0,40109.0
467511,37406020100000,E50,630,2014,R,40.0,40119.0
467538,37406180300000,E50,1695,2014,I,40.0,40121.0
467550,37406360300000,E50,2950,2014,R,40.0,40125.0
467622,37406760300000,E50,2218,2014,I,40.0,40133.0
467631,37406780100000,E50,855,2014,R,40.0,40133.0
467666,37407280200000,E50,51656,2014,R,40.0,40143.0
464335,37000000000000,E50,172309,2013,R,40.0,
464558,37100700700000,E50,257,2013,I,40.0,40013.0
464775,37101601600000,E50,59,2013,R,40.0,40031.0
464852,37102002000000,E50,37,2013,R,40.0,40039.0
465308,37104804800000,E50,19,2013,I,40.0,40095.0
465808,37106706700000,E50,13,2013,I,40.0,40133.0
465858,37106906900000,E50,74,2013,R,40.0,40137.0
465976,37107207200000,E50,2497,2013,R,40.0,40143.0
466070,37107407400000,E50,64,2013,I,40.0,40147.0
466282,37200700700000,E50,343,2013,R,40.0,40013.0
466504,37201000100000,E50,250,2013,I,40.0,40019.0
466624,37201400200000,E50,411,2013,R,40.0,40027.0
466685,37201400400000,E50,1263,2013,R,40.0,40027.0
466747,37201500300000,E50,229,2013,I,40.0,40029.0
466792,37201600800000,E50,886,2013,R,40.0,40031.0
466894,37201900900000,E50,482,2013,R,40.0,40037.0
467047,37202400500000,E50,2576,2013,R,40.0,40047.0
467128,37203300100000,E50,280,2013,I,40.0,40065.0
467498,37204480200000,E50,61,2013,R,40.0,40087.0
467690,37205100600000,E50,695,2013,R,40.0,40101.0
467804,37205500400000,E50,458,2013,R,40.0,40109.0
467867,37205501300000,E50,3826,2013,R,40.0,40109.0
467932,37205501500000,E50,31910,2013,R,40.0,40109.0
468025,37205600700000,E50,391,2013,R,40.0,40111.0
468083,37205800400000,E50,120,2013,R,40.0,40115.0
468141,37206000100000,E50,2,2013,R,40.0,40119.0
468278,37206101000000,E50,243,2013,R,40.0,40121.0
468334,37206200100000,E50,343,2013,I,40.0,40123.0
468393,37206300700000,E50,432,2013,R,40.0,40125.0
468568,37206700500000,E50,38,2013,R,40.0,40133.0
468626,37206700600000,E50,771,2013,R,40.0,40133.0
468886,37207000200000,E50,351,2013,R,40.0,40139.0
468996,37207200200000,E50,66,2013,R,40.0,40143.0
469102,37207200600000,E50,483,2013,R,40.0,40143.0
469161,37207200700000,E50,187,2013,R,40.0,40143.0
469314,37207400100000,E50,784,2013,R,40.0,40147.0
469436,37400560200000,E50,1839,2013,I,40.0,40009.0
469452,37400818200000,E50,895,2013,R,40.0,40015.0
469460,37400860300000,E50,175,2013,I,40.0,40015.0
469466,37400880200000,E50,473,2013,I,40.0,40015.0
469502,37401460100000,E50,7135,2013,I,40.0,40027.0
469510,37401460200000,E50,1565,2013,R,40.0,40027.0
469542,37401980100000,E50,887,2013,R,40.0,40037.0
469586,37402280100000,E50,55,2013,I,40.0,40043.0
469672,37404580100000,E50,1650,2013,R,40.0,40089.0
469726,37405160200000,E50,6564,2013,R,40.0,40101.0
469751,37405580100000,E50,54136,2013,R,40.0,40109.0
469783,37405817100000,E50,105,2013,I,40.0,40115.0
469801,37405880300000,E50,1936,2013,R,40.0,40115.0
469826,37406020100000,E50,4420,2013,R,40.0,40119.0
469867,37406180400000,E50,1601,2013,R,40.0,40121.0
469875,37406360100000,E50,224,2013,R,40.0,40125.0
469881,37406360300000,E50,5415,2013,R,40.0,40125.0
469918,37406560100000,E50,88,2013,I,40.0,40129.0
469973,37406720100000,E50,801,2013,R,40.0,40133.0
470024,37407280200000,E50,50703,2013,R,40.0,40143.0
1206027,37000000000000,E50,174273,2012,R,40.0,
1206354,37100700700000,E50,260,2012,R,40.0,40013.0
1206531,37101201200000,E50,107,2012,R,40.0,40023.0
1206568,37101301300000,E50,8,2012,I,40.0,40025.0
1206675,37101601600000,E50,27,2012,I,40.0,40031.0
1206807,37102002000000,E50,60,2012,R,40.0,40039.0
1207158,37103203200000,E50,190,2012,R,40.0,40063.0
1207580,37104604600000,E50,164,2012,R,40.0,40091.0
1207654,37104804800000,E50,19,2012,I,40.0,40095.0
1207926,37105605600000,E50,48,2012,R,40.0,40111.0
1208146,37106306300000,E50,200,2012,R,40.0,40125.0
1208278,37106706700000,E50,13,2012,R,40.0,40133.0
1208316,37106806800000,E50,110,2012,R,40.0,40135.0
1208467,37107207200000,E50,4536,2012,R,40.0,40143.0
1208561,37107407400000,E50,65,2012,R,40.0,40147.0
1209805,37200700700000,E50,334,2012,R,40.0,40013.0
1210111,37200800600000,E50,32,2012,R,40.0,40015.0
1210200,37200800900000,E50,3,2012,R,40.0,40015.0
1210609,37201000100000,E50,217,2012,I,40.0,40019.0
1210699,37201000300000,E50,4,2012,I,40.0,40019.0
1211228,37201400200000,E50,396,2012,R,40.0,40027.0
1211336,37201400400000,E50,1489,2012,R,40.0,40027.0
1211455,37201500300000,E50,224,2012,R,40.0,40029.0
1211722,37201600800000,E50,1055,2012,R,40.0,40031.0
1211803,37201680100000,E50,122,2012,R,40.0,40031.0
1212391,37201900900000,E50,773,2012,R,40.0,40037.0
1213041,37202200500000,E50,44,2012,R,40.0,40043.0
1213228,37202300400000,E50,19,2012,R,40.0,40045.0
1213359,37202400500000,E50,810,2012,R,40.0,40047.0
1213672,37202500200000,E50,192,2012,R,40.0,40049.0
1213984,37202600200000,E50,292,2012,R,40.0,40051.0
1214323,37202700500000,E50,253,2012,I,40.0,40053.0
1214648,37202900200000,E50,16,2012,R,40.0,40057.0
1215155,37203300100000,E50,427,2012,I,40.0,40065.0
1215217,37203300200000,E50,4,2012,R,40.0,40065.0
1215649,37203500600000,E50,180,2012,R,40.0,40069.0
1215719,37203600100000,E50,268,2012,R,40.0,40071.0
1215895,37203600700000,E50,396,2012,R,40.0,40071.0
1216238,37203800300000,E50,11,2012,R,40.0,40075.0
1216554,37204000400000,E50,52,2012,I,40.0,40079.0
1217799,37204400500000,E50,258,2012,R,40.0,40087.0
1217898,37204480200000,E50,199,2012,R,40.0,40087.0
1218489,37204800100000,E50,2,2012,I,40.0,40095.0
1219167,37205100600000,E50,863,2012,R,40.0,40101.0
1219865,37205500200000,E50,22,2012,R,40.0,40109.0
1219971,37205500400000,E50,427,2012,R,40.0,40109.0
1220136,37205501300000,E50,4255,2012,R,40.0,40109.0
1220251,37205501500000,E50,29208,2012,R,40.0,40109.0
1220714,37205600700000,E50,434,2012,R,40.0,40111.0
1221226,37205800400000,E50,196,2012,R,40.0,40115.0
1221609,37206000100000,E50,478,2012,R,40.0,40119.0
1222217,37206200100000,E50,331,2012,R,40.0,40123.0
1222516,37206300700000,E50,709,2012,R,40.0,40125.0
1222610,37206300900000,E50,1,2012,I,40.0,40125.0
1222939,37206600300000,E50,1187,2012,R,40.0,40131.0
1223152,37206700200000,E50,25,2012,R,40.0,40133.0
1223816,37207000200000,E50,345,2012,R,40.0,40139.0
1224141,37207200200000,E50,70,2012,R,40.0,40143.0
1224347,37207200600000,E50,470,2012,R,40.0,40143.0
1224407,37207200700000,E50,187,2012,R,40.0,40143.0
1224462,37207200800000,E50,105,2012,R,40.0,40143.0
1224869,37207400100000,E50,867,2012,R,40.0,40147.0
1224954,37207400300000,E50,114,2012,I,40.0,40147.0
1225207,37207500500000,E50,11,2012,R,40.0,40149.0
1225355,37207600100000,E50,597,2012,R,40.0,40151.0
1225453,37207600600000,E50,26,2012,I,40.0,40151.0
1225489,37207700100000,E50,1,2012,R,40.0,40153.0
1225576,37207700600000,E50,131,2012,R,40.0,40153.0
1225676,37400170100000,E50,421,2012,I,40.0,40001.0
1225747,37400360100000,E50,391,2012,R,40.0,40005.0
1225758,37400360200000,E50,11446,2012,R,40.0,40005.0
1225865,37400560200000,E50,1869,2012,I,40.0,40009.0
1225876,37400580100000,E50,524,2012,R,40.0,40009.0
1225884,37400580200000,E50,161,2012,R,40.0,40009.0
1225914,37400680200000,E50,95,2012,R,40.0,40011.0
1225919,37400680300000,E50,161,2012,R,40.0,40011.0
1225995,37400818200000,E50,723,2012,I,40.0,40015.0
1226020,37400860200000,E50,75,2012,I,40.0,40015.0
1226027,37400860300000,E50,178,2012,I,40.0,40015.0
1226033,37400860400000,E50,2260,2012,I,40.0,40015.0
1226039,37400880100000,E50,408,2012,R,40.0,40015.0
1226048,37400880200000,E50,481,2012,I,40.0,40015.0
1226060,37400880300000,E50,3058,2012,I,40.0,40015.0
1226069,37400880400000,E50,96,2012,R,40.0,40015.0
1226076,37400880500000,E50,5196,2012,R,40.0,40015.0
1226101,37400890200000,E50,161,2012,R,40.0,40015.0
1226212,37401117100000,E50,153,2012,I,40.0,40021.0
1226363,37401280100000,E50,671,2012,R,40.0,40023.0
1226369,37401290100000,E50,30,2012,I,40.0,40023.0
1226441,37401460100000,E50,7250,2012,R,40.0,40027.0
1226449,37401460200000,E50,1434,2012,R,40.0,40027.0
1226502,37401580100000,E50,350,2012,I,40.0,40029.0
1226529,37401680100000,E50,102,2012,I,40.0,40031.0
1226535,37401680200000,E50,350,2012,I,40.0,40031.0
1226543,37401680300000,E50,1278,2012,R,40.0,40031.0
1226551,37401680400000,E50,75,2012,R,40.0,40031.0
1226603,37401780100000,E50,659,2012,I,40.0,40033.0
1226609,37401780200000,E50,78,2012,I,40.0,40033.0
1226716,37401980100000,E50,875,2012,R,40.0,40037.0
1226724,37401980200000,E50,642,2012,R,40.0,40037.0
1226734,37401980300000,E50,37,2012,I,40.0,40037.0
1226954,37402280100000,E50,56,2012,I,40.0,40043.0
1227084,37402530100000,E50,27,2012,I,40.0,40049.0
1227097,37402580200000,E50,653,2012,I,40.0,40049.0
1227103,37402580300000,E50,3396,2012,I,40.0,40049.0
1227185,37402680100000,E50,111,2012,R,40.0,40051.0
1227193,37402680200000,E50,1874,2012,I,40.0,40051.0
1227225,37402780400000,E50,29,2012,I,40.0,40053.0
1227245,37402880100000,E50,96,2012,I,40.0,40055.0
1227253,37402890100000,E50,53,2012,R,40.0,40055.0
1227337,37403160100000,E50,81,2012,R,40.0,40061.0
1227342,37403160200000,E50,258,2012,R,40.0,40061.0
1227348,37403180100000,E50,143,2012,I,40.0,40061.0
1227354,37403190300000,E50,111,2012,I,40.0,40061.0
1227420,37403280100000,E50,286,2012,R,40.0,40063.0
1227428,37403280200000,E50,227,2012,R,40.0,40063.0
1227494,37403330100000,E50,173,2012,I,40.0,40065.0
1227508,37403460200000,E50,3058,2012,I,40.0,40067.0
1227543,37403480200000,E50,150,2012,R,40.0,40067.0
1227553,37403480400000,E50,49,2012,R,40.0,40067.0
1227590,37403580100000,E50,108,2012,R,40.0,40069.0
1227609,37403620100000,E50,4,2012,I,40.0,40071.0
1227629,37403660100000,E50,1154,2012,I,40.0,40071.0
1227638,37403661600000,E50,331,2012,R,40.0,40071.0
1227662,37403680300000,E50,122,2012,R,40.0,40071.0
1227719,37403820100000,E50,176,2012,I,40.0,40075.0
1227733,37403860100000,E50,60,2012,R,40.0,40075.0
1227743,37403860200000,E50,77,2012,I,40.0,40075.0
1227760,37403880200000,E50,138,2012,I,40.0,40075.0
1227768,37403880300000,E50,317,2012,I,40.0,40075.0
1227773,37403880400000,E50,243,2012,I,40.0,40075.0
1227807,37403980100000,E50,166,2012,R,40.0,40077.0
1227888,37404080200000,E50,89,2012,R,40.0,40079.0
1227895,37404080400000,E50,137,2012,R,40.0,40079.0
1227899,37404080500000,E50,5,2012,I,40.0,40079.0
1227978,37404160200000,E50,504,2012,I,40.0,40081.0
1227994,37404180300000,E50,136,2012,R,40.0,40081.0
1228003,37404180400000,E50,183,2012,R,40.0,40081.0
1228054,37404260200000,E50,651,2012,I,40.0,40083.0
1228062,37404280100000,E50,224,2012,I,40.0,40083.0
1228202,37404560300000,E50,48,2012,I,40.0,40089.0
1228233,37404580100000,E50,1797,2012,R,40.0,40089.0
1228239,37404580200000,E50,789,2012,R,40.0,40089.0
1228383,37404880100000,E50,129,2012,I,40.0,40095.0
1228390,37404880200000,E50,50,2012,R,40.0,40095.0
1228625,37405160100000,E50,117,2012,R,40.0,40101.0
1228632,37405160200000,E50,5189,2012,R,40.0,40101.0
1228748,37405260100000,E50,926,2012,I,40.0,40103.0
1228837,37405480100000,E50,44,2012,R,40.0,40107.0
1228841,37405480200000,E50,20,2012,R,40.0,40107.0
1228915,37405530200000,E50,757,2012,R,40.0,40109.0
1228930,37405580100000,E50,51955,2012,R,40.0,40109.0
1228950,37405617100000,E50,910,2012,I,40.0,40111.0
1228988,37405660200000,E50,393,2012,I,40.0,40111.0
1229019,37405680100000,E50,198,2012,R,40.0,40111.0
1229108,37405760200000,E50,1108,2012,R,40.0,40113.0
1229168,37405817100000,E50,107,2012,I,40.0,40115.0
1229175,37405818100000,E50,87,2012,I,40.0,40115.0
1229180,37405818400000,E50,86,2012,I,40.0,40115.0
1229185,37405818700000,E50,60,2012,I,40.0,40115.0
1229245,37405860200000,E50,66,2012,R,40.0,40115.0
1229268,37405880100000,E50,68,2012,R,40.0,40115.0
1229274,37405880200000,E50,285,2012,I,40.0,40115.0
1229283,37405880300000,E50,1382,2012,R,40.0,40115.0
1229363,37405960100000,E50,525,2012,R,40.0,40117.0
1229367,37405980200000,E50,211,2012,I,40.0,40117.0
1229394,37406018700000,E50,351,2012,I,40.0,40119.0
1229403,37406018900000,E50,82,2012,R,40.0,40119.0
1229437,37406020100000,E50,3380,2012,I,40.0,40119.0
1229445,37406020200000,E50,36,2012,R,40.0,40119.0
1229451,37406060100000,E50,50,2012,I,40.0,40119.0
1229531,37406160100000,E50,662,2012,I,40.0,40121.0
1229539,37406180200000,E50,60,2012,I,40.0,40121.0
1229547,37406180300000,E50,1729,2012,R,40.0,40121.0
1229551,37406180400000,E50,1547,2012,R,40.0,40121.0
1229587,37406180900000,E50,194,2012,R,40.0,40121.0
1229618,37406240200000,E50,868,2012,R,40.0,40123.0
1229658,37406280100000,E50,1202,2012,I,40.0,40123.0
1229691,37406318400000,E50,457,2012,I,40.0,40125.0
1229702,37406320100000,E50,459,2012,R,40.0,40125.0
1229710,37406360100000,E50,235,2012,R,40.0,40125.0
1229715,37406360300000,E50,5449,2012,R,40.0,40125.0
1229759,37406460100000,E50,154,2012,R,40.0,40127.0
1229763,37406480100000,E50,172,2012,R,40.0,40127.0
1229770,37406480200000,E50,144,2012,R,40.0,40127.0
1229843,37406560100000,E50,89,2012,I,40.0,40129.0
1230037,37406720100000,E50,2243,2012,I,40.0,40133.0
1230064,37406760200000,E50,833,2012,I,40.0,40133.0
1230072,37406760300000,E50,2262,2012,R,40.0,40133.0
1230081,37406780100000,E50,936,2012,R,40.0,40133.0
1230212,37406980100000,E50,214,2012,R,40.0,40137.0
1230293,37407190200000,E50,114,2012,I,40.0,40141.0
1230374,37407280200000,E50,48385,2012,R,40.0,40143.0
1230580,37407660100000,E50,114,2012,I,40.0,40151.0
334145,28000000000000,E50,1658,2014,R,31.0,
334575,28101501500000,E50,43,2014,I,31.0,31029.0
334661,28102002000000,E50,223,2014,R,31.0,31039.0
335220,28105505500000,E50,1825,2014,R,31.0,31109.0
335718,28107707700000,E50,55,2014,R,31.0,31153.0
336084,28200100200000,E50,60,2014,R,31.0,31001.0
336173,28200200400000,E50,34,2014,R,31.0,31003.0
336278,28200700100000,E50,1009,2014,R,31.0,31013.0
336347,28201000400000,E50,1546,2014,R,31.0,31019.0
336413,28201100400000,E50,14,2014,R,31.0,31021.0
336460,28201200500000,E50,1,2014,R,31.0,31023.0
336508,28201300600000,E50,13,2014,R,31.0,31025.0
336553,28201301100000,E50,390,2014,R,31.0,31025.0
336605,28201500100000,E50,53,2014,R,31.0,31029.0
336657,28201600600000,E50,134,2014,R,31.0,31031.0
336706,28201700500000,E50,11,2014,R,31.0,31033.0
336757,28201900600000,E50,140,2014,R,31.0,31037.0
336887,28202200500000,E50,1323,2014,R,31.0,31043.0
336946,28202300100000,E50,540,2014,R,31.0,31045.0
337000,28202400400000,E50,51,2014,R,31.0,31047.0
337055,28202400500000,E50,3244,2014,R,31.0,31047.0
337143,28202700200000,E50,364,2014,R,31.0,31053.0
337209,28202800400000,E50,2193,2014,R,31.0,31055.0
337281,28202800500000,E50,468,2014,R,31.0,31055.0
337429,28203400300000,E50,603,2014,R,31.0,31067.0
337481,28203401200000,E50,27,2014,R,31.0,31067.0
337591,28204000400000,E50,2230,2014,R,31.0,31079.0
337748,28204500600000,E50,1,2014,R,31.0,31089.0
337801,28204800400000,E50,277,2014,R,31.0,31095.0
337848,28204900500000,E50,142,2014,R,31.0,31097.0
337894,28205100200000,E50,310,2014,R,31.0,31101.0
337952,28205300300000,E50,136,2014,R,31.0,31105.0
338004,28205500700000,E50,4045,2014,R,31.0,31109.0
338112,28205600500000,E50,505,2014,R,31.0,31111.0
338169,28206000100000,E50,19,2014,R,31.0,31119.0
338254,28206000500000,E50,436,2014,R,31.0,31119.0
338304,28206100100000,E50,92,2014,R,31.0,31121.0
338348,28206200100000,E50,6,2014,R,31.0,31123.0
338481,28206300300000,E50,1,2014,R,31.0,31125.0
338527,28206400100000,E50,7,2014,R,31.0,31127.0
338617,28206600500000,E50,420,2014,R,31.0,31131.0
338756,28206900400000,E50,304,2014,R,31.0,31137.0
338809,28207000500000,E50,3,2014,R,31.0,31139.0
338860,28207000600000,E50,39,2014,R,31.0,31139.0
338904,28207100100000,E50,376,2014,R,31.0,31141.0
338971,28207200400000,E50,157,2014,R,31.0,31143.0
339048,28207300500000,E50,240,2014,R,31.0,31145.0
339102,28207600100000,E50,31,2014,R,31.0,31151.0
339208,28207700100000,E50,96,2014,R,31.0,31153.0
339359,28207750100000,E50,544,2014,R,31.0,31153.0
339476,28207801300000,E50,107,2014,R,31.0,31155.0
339523,28207900100000,E50,553,2014,R,31.0,31157.0
339571,28207900600000,E50,176,2014,R,31.0,31157.0
339660,28207900900000,E50,358,2014,R,31.0,31157.0
339715,28208000800000,E50,497,2014,R,31.0,31159.0
339754,28208100300000,E50,1,2014,R,31.0,31161.0
339833,28208700400000,E50,5,2014,R,31.0,31173.0
339928,28208900200000,E50,6,2014,R,31.0,31177.0
340004,28209000400000,E50,927,2014,R,31.0,31179.0
340334,28402802600000,E50,47053,2014,R,31.0,31055.0
340487,28402866700000,E50,10269,2014,R,31.0,31055.0
340662,28405500300000,E50,21070,2014,R,31.0,31109.0
340774,28406460100000,E50,72,2014,R,31.0,31127.0
340932,28407980100000,E50,4573,2014,R,31.0,31157.0
340967,28408160300000,E50,56,2014,R,31.0,31161.0
335580,28000000000000,E50,1876,2013,R,31.0,
336629,28105405400000,E50,63,2013,R,31.0,31107.0
336681,28105505500000,E50,2112,2013,R,31.0,31109.0
336983,28107307300000,E50,277,2013,R,31.0,31145.0
337031,28107707700000,E50,508,2013,R,31.0,31153.0
337337,28109309300000,E50,8,2013,R,31.0,31185.0
337392,28200100200000,E50,771,2013,R,31.0,31001.0
337483,28200700100000,E50,431,2013,R,31.0,31013.0
337692,28201000400000,E50,1920,2013,R,31.0,31019.0
337757,28201000800000,E50,49,2013,R,31.0,31019.0
337805,28201100400000,E50,16,2013,R,31.0,31021.0
337854,28201200500000,E50,99,2013,R,31.0,31023.0
337936,28201300600000,E50,12,2013,R,31.0,31025.0
337983,28201301100000,E50,323,2013,R,31.0,31025.0
338030,28201400400000,E50,139,2013,R,31.0,31027.0
338080,28201500100000,E50,74,2013,R,31.0,31029.0
338138,28201600600000,E50,40,2013,R,31.0,31031.0
338184,28201700500000,E50,179,2013,R,31.0,31033.0
338238,28201800900000,E50,11,2013,R,31.0,31035.0
338340,28201900600000,E50,51,2013,R,31.0,31037.0
338438,28202000400000,E50,26,2013,R,31.0,31039.0
338491,28202200500000,E50,269,2013,R,31.0,31043.0
338528,28202300200000,E50,23,2013,R,31.0,31045.0
338564,28202400100000,E50,195,2013,R,31.0,31047.0
338611,28202400400000,E50,701,2013,R,31.0,31047.0
338661,28202400500000,E50,1188,2013,R,31.0,31047.0
338718,28202600900000,E50,48,2013,R,31.0,31051.0
338832,28202800400000,E50,1393,2013,R,31.0,31055.0
338906,28202800500000,E50,424,2013,R,31.0,31055.0
338936,28203000300000,E50,630,2013,R,31.0,31059.0
339030,28203400300000,E50,1494,2013,R,31.0,31067.0
339082,28203600100000,E50,129,2013,R,31.0,31071.0
339166,28204100100000,E50,373,2013,R,31.0,31081.0
339228,28204700700000,E50,193,2013,R,31.0,31093.0
339273,28204800400000,E50,59,2013,R,31.0,31095.0
339401,28205000300000,E50,292,2013,R,31.0,31099.0
339456,28205100200000,E50,423,2013,R,31.0,31101.0
339513,28205300300000,E50,151,2013,R,31.0,31105.0
339648,28205500700000,E50,5289,2013,R,31.0,31109.0
339775,28205600500000,E50,454,2013,R,31.0,31111.0
339841,28205600600000,E50,5,2013,R,31.0,31111.0
339883,28206000100000,E50,23,2013,R,31.0,31119.0
339973,28206000500000,E50,424,2013,R,31.0,31119.0
340022,28206000600000,E50,3,2013,R,31.0,31119.0
340062,28206100100000,E50,1062,2013,R,31.0,31121.0
340113,28206200100000,E50,3,2013,R,31.0,31123.0
340163,28206300300000,E50,1,2013,R,31.0,31125.0
340212,28206400100000,E50,37,2013,R,31.0,31127.0
340319,28206600500000,E50,1025,2013,R,31.0,31131.0
340433,28206900400000,E50,276,2013,R,31.0,31137.0
340491,28207000500000,E50,66,2013,R,31.0,31139.0
340542,28207000600000,E50,12,2013,R,31.0,31139.0
340595,28207100100000,E50,1155,2013,R,31.0,31141.0
340667,28207200400000,E50,105,2013,R,31.0,31143.0
340724,28207300500000,E50,345,2013,R,31.0,31145.0
340775,28207400300000,E50,462,2013,R,31.0,31147.0
340927,28207700100000,E50,32,2013,R,31.0,31153.0
341033,28207750100000,E50,1146,2013,R,31.0,31153.0
341123,28207801300000,E50,157,2013,R,31.0,31155.0
341172,28207900100000,E50,911,2013,R,31.0,31157.0
341287,28207900900000,E50,305,2013,I,31.0,31157.0
341370,28208000800000,E50,56,2013,R,31.0,31159.0
341486,28208501000000,E50,56,2013,R,31.0,31169.0
341587,28208900200000,E50,28,2013,R,31.0,31177.0
341637,28209000400000,E50,1016,2013,R,31.0,31179.0
341700,28209300900000,E50,137,2013,R,31.0,31185.0
341930,28402710300000,E50,15,2013,R,31.0,31053.0
341942,28402802600000,E50,47317,2013,R,31.0,31055.0
342158,28402866700000,E50,9650,2013,R,31.0,31055.0
342348,28405500300000,E50,21466,2013,R,31.0,31109.0
342593,28407720100000,E50,2141,2013,R,31.0,31153.0
866106,28000000000000,E50,2282,2012,R,31.0,
866735,28101501500000,E50,42,2012,R,31.0,31029.0
866818,28101701700000,E50,44,2012,R,31.0,31033.0
866908,28102002000000,E50,321,2012,R,31.0,31039.0
868112,28105405400000,E50,64,2012,R,31.0,31107.0
868162,28105505500000,E50,2829,2012,R,31.0,31109.0
868204,28105605600000,E50,252,2012,R,31.0,31111.0
868801,28107307300000,E50,39,2012,R,31.0,31145.0
868956,28107707700000,E50,5,2012,R,31.0,31153.0
869505,28109309300000,E50,33,2012,R,31.0,31185.0
869570,28200100200000,E50,25,2012,R,31.0,31001.0
869743,28200100600000,E50,1,2012,R,31.0,31001.0
869908,28200200400000,E50,2,2012,R,31.0,31003.0
870073,28200500100000,E50,3,2012,R,31.0,31009.0
870165,28200600200000,E50,6,2012,R,31.0,31011.0
870201,28200600300000,E50,10,2012,R,31.0,31011.0
870263,28200600500000,E50,51,2012,R,31.0,31011.0
870314,28200700100000,E50,324,2012,R,31.0,31013.0
870515,28200800700000,E50,13,2012,R,31.0,31015.0
870591,28200900100000,E50,114,2012,R,31.0,31017.0
870820,28201000400000,E50,1179,2012,R,31.0,31019.0
871088,28201100200000,E50,1,2012,R,31.0,31021.0
871170,28201100400000,E50,13,2012,R,31.0,31021.0
871219,28201100500000,E50,17,2012,R,31.0,31021.0
871384,28201200500000,E50,154,2012,R,31.0,31023.0
871607,28201300200000,E50,5,2012,R,31.0,31025.0
871746,28201300600000,E50,37,2012,R,31.0,31025.0
871790,28201300700000,E50,4,2012,R,31.0,31025.0
871819,28201300800000,E50,2,2012,R,31.0,31025.0
871903,28201301100000,E50,206,2012,R,31.0,31025.0
872160,28201400400000,E50,58,2012,R,31.0,31027.0
872209,28201400500000,E50,66,2012,R,31.0,31027.0
872395,28201500100000,E50,61,2012,R,31.0,31029.0
872454,28201500300000,E50,18,2012,R,31.0,31029.0
872489,28201600100000,E50,44,2012,R,31.0,31031.0
872596,28201600600000,E50,198,2012,R,31.0,31031.0
872663,28201700100000,E50,4,2012,R,31.0,31033.0
872783,28201700500000,E50,151,2012,R,31.0,31033.0
873008,28201800600000,E50,18,2012,R,31.0,31035.0
873089,28201800900000,E50,100,2012,R,31.0,31035.0
873236,28201900300000,E50,46,2012,R,31.0,31037.0
873309,28201900600000,E50,90,2012,R,31.0,31037.0
873391,28202000200000,E50,5,2012,R,31.0,31039.0
873489,28202000400000,E50,12,2012,R,31.0,31039.0
873618,28202100300000,E50,50,2012,R,31.0,31041.0
873876,28202101100000,E50,127,2012,R,31.0,31041.0
873916,28202200100000,E50,52,2012,R,31.0,31043.0
874040,28202200500000,E50,842,2012,R,31.0,31043.0
874082,28202300100000,E50,91,2012,R,31.0,31045.0
874130,28202300200000,E50,79,2012,R,31.0,31045.0
874201,28202400100000,E50,212,2012,R,31.0,31047.0
874304,28202400400000,E50,534,2012,R,31.0,31047.0
874359,28202400500000,E50,1190,2012,R,31.0,31047.0
874555,28202600100000,E50,19,2012,R,31.0,31051.0
874790,28202600900000,E50,93,2012,R,31.0,31051.0
874906,28202700200000,E50,683,2012,R,31.0,31053.0
874970,28202700300000,E50,1,2012,R,31.0,31053.0
875029,28202700500000,E50,1,2012,R,31.0,31053.0
875061,28202700600000,E50,2,2012,R,31.0,31053.0
875100,28202700700000,E50,30,2012,R,31.0,31053.0
875259,28202800400000,E50,1612,2012,R,31.0,31055.0
875338,28202800500000,E50,419,2012,R,31.0,31055.0
875480,28202900100000,E50,186,2012,R,31.0,31057.0
875591,28203000200000,E50,952,2012,R,31.0,31059.0
875636,28203000300000,E50,257,2012,R,31.0,31059.0
875985,28203200100000,E50,44,2012,R,31.0,31063.0
876112,28203300100000,E50,20,2012,R,31.0,31065.0
876163,28203300200000,E50,76,2012,R,31.0,31065.0
876300,28203300600000,E50,1,2012,R,31.0,31065.0
876331,28203300700000,E50,48,2012,R,31.0,31065.0
876365,28203300800000,E50,20,2012,R,31.0,31065.0
876472,28203400300000,E50,1053,2012,R,31.0,31067.0
876527,28203400400000,E50,10,2012,R,31.0,31067.0
876736,28203401200000,E50,12,2012,R,31.0,31067.0
876826,28203600100000,E50,240,2012,R,31.0,31071.0
877137,28204000200000,E50,46,2012,R,31.0,31079.0
877174,28204000300000,E50,8,2012,R,31.0,31079.0
877222,28204000400000,E50,983,2012,R,31.0,31079.0
877333,28204100100000,E50,1011,2012,R,31.0,31081.0
877827,28204400300000,E50,5,2012,R,31.0,31087.0
877912,28204500100000,E50,186,2012,R,31.0,31089.0
878073,28204500600000,E50,38,2012,R,31.0,31089.0
878187,28204600100000,E50,10,2012,R,31.0,31091.0
878349,28204700700000,E50,105,2012,R,31.0,31093.0
878495,28204800400000,E50,431,2012,R,31.0,31095.0
878593,28204800700000,E50,79,2012,R,31.0,31095.0
878770,28204900500000,E50,6,2012,R,31.0,31097.0
878874,28205000300000,E50,64,2012,R,31.0,31099.0
879001,28205100200000,E50,589,2012,R,31.0,31101.0
879057,28205100300000,E50,55,2012,R,31.0,31101.0
879200,28205300300000,E50,494,2012,R,31.0,31105.0
879256,28205400200000,E50,10,2012,R,31.0,31107.0
879416,28205400600000,E50,14,2012,R,31.0,31107.0
879463,28205400800000,E50,30,2012,R,31.0,31107.0
879771,28205500700000,E50,4887,2012,R,31.0,31109.0
880018,28205600100000,E50,8,2012,R,31.0,31111.0
880129,28205600500000,E50,457,2012,R,31.0,31111.0
880188,28205600600000,E50,6,2012,R,31.0,31111.0
880353,28206000100000,E50,34,2012,R,31.0,31119.0
880471,28206000400000,E50,11,2012,R,31.0,31119.0
880516,28206000500000,E50,687,2012,R,31.0,31119.0
880569,28206000600000,E50,80,2012,R,31.0,31119.0
880614,28206100100000,E50,87,2012,R,31.0,31121.0
880666,28206100200000,E50,7,2012,R,31.0,31121.0
880788,28206200100000,E50,8,2012,R,31.0,31123.0
880989,28206300300000,E50,20,2012,R,31.0,31125.0
881043,28206400100000,E50,7,2012,R,31.0,31127.0
881496,28206600400000,E50,11,2012,R,31.0,31131.0
881526,28206600500000,E50,662,2012,R,31.0,31131.0
881582,28206600600000,E50,3,2012,R,31.0,31131.0
881704,28206601000000,E50,3,2012,R,31.0,31131.0
881736,28206700100000,E50,2,2012,R,31.0,31133.0
881818,28206700400000,E50,150,2012,R,31.0,31133.0
882125,28206900300000,E50,11,2012,R,31.0,31137.0
882161,28206900400000,E50,262,2012,R,31.0,31137.0
882355,28207000500000,E50,3,2012,R,31.0,31139.0
882409,28207000600000,E50,30,2012,R,31.0,31139.0
882462,28207100100000,E50,694,2012,R,31.0,31141.0
882746,28207200100000,E50,1,2012,R,31.0,31143.0
882792,28207200200000,E50,5,2012,R,31.0,31143.0
882830,28207200300000,E50,1,2012,R,31.0,31143.0
882875,28207200400000,E50,32,2012,R,31.0,31143.0
882987,28207300300000,E50,4,2012,R,31.0,31145.0
883053,28207300500000,E50,119,2012,R,31.0,31145.0
883146,28207400300000,E50,292,2012,R,31.0,31147.0
883357,28207500100000,E50,75,2012,R,31.0,31149.0
883758,28207700100000,E50,163,2012,R,31.0,31153.0
883913,28207700400000,E50,2,2012,R,31.0,31153.0
883956,28207750100000,E50,1180,2012,R,31.0,31153.0
884047,28207800200000,E50,7,2012,R,31.0,31155.0
884257,28207801100000,E50,15,2012,R,31.0,31155.0
884316,28207801300000,E50,96,2012,R,31.0,31155.0
884434,28207900100000,E50,734,2012,R,31.0,31157.0
884553,28207900400000,E50,9,2012,R,31.0,31157.0
884601,28207900600000,E50,100,2012,R,31.0,31157.0
884638,28207900700000,E50,136,2012,R,31.0,31157.0
884739,28207900900000,E50,284,2012,R,31.0,31157.0
885015,28208000800000,E50,346,2012,R,31.0,31159.0
885341,28208200400000,E50,37,2012,R,31.0,31163.0
885434,28208400100000,E50,2,2012,R,31.0,31167.0
885476,28208400200000,E50,1,2012,R,31.0,31167.0
885769,28208501000000,E50,23,2012,R,31.0,31169.0
885816,28208501100000,E50,18,2012,R,31.0,31169.0
885990,28208700400000,E50,1,2012,R,31.0,31173.0
886231,28208900200000,E50,9,2012,R,31.0,31177.0
886288,28208900300000,E50,6,2012,R,31.0,31177.0
886479,28209000400000,E50,277,2012,R,31.0,31179.0
886644,28209100400000,E50,1,2012,R,31.0,31181.0
886920,28209300600000,E50,1,2012,R,31.0,31185.0
886944,28209300700000,E50,1,2012,R,31.0,31185.0
887004,28209300900000,E50,176,2012,R,31.0,31185.0
889095,28400160200000,E50,1130,2012,I,31.0,31001.0
889142,28400210100000,E50,27,2012,R,31.0,31003.0
889164,28400270200000,E50,112,2012,I,31.0,31003.0
889266,28400660200000,E50,45,2012,R,31.0,31011.0
889273,28400660300000,E50,58,2012,R,31.0,31011.0
889303,28400730100000,E50,676,2012,R,31.0,31013.0
889311,28400780100000,E50,124,2012,R,31.0,31013.0
889330,28400810100000,E50,33,2012,I,31.0,31015.0
889358,28400870100000,E50,52,2012,R,31.0,31015.0
889423,28400970200000,E50,129,2012,R,31.0,31017.0
889470,28401010100000,E50,52,2012,I,31.0,31019.0
889506,28401070100000,E50,2150,2012,R,31.0,31019.0
889513,28401070200000,E50,154,2012,R,31.0,31019.0
889532,28401090500000,E50,163,2012,R,31.0,31019.0
889539,28401090600000,E50,90,2012,R,31.0,31019.0
889617,28401110100000,E50,96,2012,R,31.0,31021.0
889643,28401170200000,E50,87,2012,I,31.0,31021.0
889679,28401180600000,E50,79,2012,R,31.0,31021.0
889687,28401180700000,E50,99,2012,R,31.0,31021.0
889796,28401270100000,E50,208,2012,R,31.0,31023.0
889858,28401310100000,E50,136,2012,I,31.0,31025.0
889942,28401360200000,E50,37,2012,I,31.0,31025.0
889984,28401380200000,E50,208,2012,R,31.0,31025.0
889992,28401380300000,E50,98,2012,R,31.0,31025.0
890109,28401410200000,E50,42,2012,I,31.0,31027.0
890133,28401470100000,E50,92,2012,R,31.0,31027.0
890167,28401510100000,E50,12,2012,I,31.0,31029.0
890209,28401570100000,E50,163,2012,R,31.0,31029.0
890333,28401710200000,E50,18,2012,R,31.0,31033.0
890372,28401760200000,E50,3827,2012,I,31.0,31033.0
890437,28401840100000,E50,24,2012,R,31.0,31035.0
890452,28401860100000,E50,121,2012,I,31.0,31035.0
890461,28401870100000,E50,150,2012,R,31.0,31035.0
890468,28401870200000,E50,89,2012,R,31.0,31035.0
890473,28401880100000,E50,103,2012,R,31.0,31035.0
890531,28401970100000,E50,124,2012,R,31.0,31037.0
890541,28401970200000,E50,342,2012,R,31.0,31037.0
890591,28402010100000,E50,74,2012,R,31.0,31039.0
890599,28402030100000,E50,630,2012,R,31.0,31039.0
890608,28402080100000,E50,99,2012,R,31.0,31039.0
890679,28402110100000,E50,51,2012,I,31.0,31041.0
890730,28402170100000,E50,78,2012,R,31.0,31041.0
890742,28402180100000,E50,90,2012,R,31.0,31041.0
890763,28402190100000,E50,320,2012,R,31.0,31041.0
890820,28402220100000,E50,1023,2012,R,31.0,31043.0
890827,28402280100000,E50,54,2012,R,31.0,31043.0
890862,28402310200000,E50,104,2012,I,31.0,31045.0
890892,28402390100000,E50,493,2012,R,31.0,31045.0
890961,28402410200000,E50,30,2012,R,31.0,31047.0
891072,28402470200000,E50,1089,2012,R,31.0,31047.0
891096,28402480200000,E50,589,2012,R,31.0,31047.0
891112,28402490400000,E50,320,2012,R,31.0,31047.0
891149,28402590100000,E50,94,2012,R,31.0,31049.0
891196,28402610100000,E50,168,2012,I,31.0,31051.0
891297,28402710100000,E50,96,2012,I,31.0,31053.0
891307,28402710200000,E50,71,2012,I,31.0,31053.0
891317,28402710300000,E50,23,2012,I,31.0,31053.0
891364,28402770300000,E50,103,2012,R,31.0,31053.0
891396,28402790200000,E50,1610,2012,I,31.0,31053.0
891414,28402802600000,E50,49485,2012,R,31.0,31055.0
893101,28402866700000,E50,9553,2012,R,31.0,31055.0
893266,28402970100000,E50,131,2012,I,31.0,31057.0
893344,28403080100000,E50,73,2012,R,31.0,31059.0
893387,28403190100000,E50,93,2012,R,31.0,31061.0
893432,28403280100000,E50,83,2012,R,31.0,31063.0
893506,28403360300000,E50,66,2012,I,31.0,31065.0
893529,28403380100000,E50,138,2012,R,31.0,31065.0
893540,28403380200000,E50,493,2012,I,31.0,31065.0
893555,28403390200000,E50,151,2012,I,31.0,31065.0
893621,28403410100000,E50,13,2012,R,31.0,31067.0
893692,28403471100000,E50,144,2012,R,31.0,31067.0
893703,28403490100000,E50,767,2012,R,31.0,31067.0
893775,28403580500000,E50,96,2012,R,31.0,31069.0
893823,28403670100000,E50,275,2012,R,31.0,31071.0
893921,28403970100000,E50,63,2012,R,31.0,31077.0
893944,28404000400000,E50,4407,2012,R,31.0,31079.0
894002,28404080200000,E50,78,2012,R,31.0,31079.0
894008,28404080400000,E50,80,2012,R,31.0,31079.0
894043,28404110100000,E50,36,2012,R,31.0,31081.0
894094,28404180200000,E50,143,2012,R,31.0,31081.0
894142,28404260100000,E50,27,2012,R,31.0,31083.0
894149,28404270100000,E50,224,2012,I,31.0,31083.0
894177,28404310100000,E50,16,2012,I,31.0,31085.0
894223,28404440200000,E50,33,2012,R,31.0,31087.0
894249,28404460200000,E50,56,2012,R,31.0,31087.0
894257,28404460300000,E50,11,2012,R,31.0,31087.0
894308,28404510100000,E50,81,2012,I,31.0,31089.0
894313,28404510200000,E50,33,2012,I,31.0,31089.0
894377,28404590200000,E50,106,2012,I,31.0,31089.0
894418,28404710100000,E50,285,2012,I,31.0,31093.0
894424,28404710200000,E50,21,2012,R,31.0,31093.0
894486,28404770100000,E50,313,2012,R,31.0,31093.0
894540,28404870200000,E50,248,2012,R,31.0,31095.0
894577,28404910100000,E50,33,2012,I,31.0,31097.0
894615,28404980200000,E50,108,2012,R,31.0,31097.0
894676,28405010100000,E50,39,2012,R,31.0,31099.0
894705,28405080100000,E50,132,2012,R,31.0,31099.0
894747,28405110200000,E50,25,2012,R,31.0,31101.0
894753,28405110300000,E50,37,2012,R,31.0,31101.0
894757,28405130100000,E50,65,2012,I,31.0,31101.0
894772,28405160200000,E50,90,2012,R,31.0,31101.0
894812,28405310100000,E50,353,2012,R,31.0,31105.0
894892,28405460200000,E50,40,2012,I,31.0,31107.0
894897,28405470200000,E50,102,2012,R,31.0,31107.0
894906,28405470300000,E50,67,2012,I,31.0,31107.0
894944,28405490400000,E50,83,2012,R,31.0,31107.0
894973,28405500300000,E50,21273,2012,R,31.0,31109.0
895320,28405660300000,E50,935,2012,R,31.0,31111.0
895351,28405680300000,E50,69,2012,I,31.0,31111.0
895471,28406020100000,E50,876,2012,I,31.0,31119.0
895498,28406070100000,E50,80,2012,R,31.0,31119.0
895521,28406080100000,E50,140,2012,R,31.0,31119.0
895585,28406110100000,E50,24,2012,I,31.0,31121.0
895594,28406110200000,E50,17,2012,R,31.0,31121.0
895605,28406190100000,E50,301,2012,R,31.0,31121.0
895694,28406280200000,E50,159,2012,I,31.0,31123.0
895701,28406280300000,E50,104,2012,R,31.0,31123.0
895753,28406390100000,E50,59,2012,R,31.0,31125.0
895817,28406460100000,E50,2149,2012,I,31.0,31127.0
895826,28406480100000,E50,222,2012,R,31.0,31127.0
895891,28406580100000,E50,68,2012,R,31.0,31129.0
895959,28406670100000,E50,319,2012,R,31.0,31131.0
895969,28406670200000,E50,133,2012,R,31.0,31131.0
896055,28406770100000,E50,205,2012,R,31.0,31133.0
896126,28406870100000,E50,66,2012,R,31.0,31135.0
896186,28406960100000,E50,28,2012,R,31.0,31137.0
896192,28406960200000,E50,376,2012,R,31.0,31137.0
896370,28407190100000,E50,580,2012,R,31.0,31141.0
896392,28407210100000,E50,17,2012,R,31.0,31143.0
896450,28407260200000,E50,349,2012,I,31.0,31143.0
896458,28407260300000,E50,23,2012,R,31.0,31143.0
896466,28407270100000,E50,109,2012,R,31.0,31143.0
896502,28407360200000,E50,514,2012,R,31.0,31145.0
896522,28407380300000,E50,106,2012,R,31.0,31145.0
896589,28407470100000,E50,169,2012,R,31.0,31147.0
896624,28407480200000,E50,444,2012,R,31.0,31147.0
896640,28407580100000,E50,85,2012,R,31.0,31149.0
896704,28407670200000,E50,180,2012,I,31.0,31151.0
896711,28407670300000,E50,84,2012,R,31.0,31151.0
896718,28407680100000,E50,150,2012,R,31.0,31151.0
897231,28407720100000,E50,1661,2012,I,31.0,31153.0
898029,28407860200000,E50,129,2012,R,31.0,31155.0
898234,28407910200000,E50,42,2012,I,31.0,31157.0
898287,28407980100000,E50,4540,2012,R,31.0,31157.0
898370,28408010100000,E50,169,2012,R,31.0,31159.0
898396,28408090200000,E50,219,2012,R,31.0,31159.0
898465,28408160300000,E50,3549,2012,I,31.0,31161.0
898475,28408170100000,E50,75,2012,R,31.0,31161.0
898494,28408190200000,E50,140,2012,R,31.0,31161.0
898522,28408230100000,E50,210,2012,R,31.0,31163.0
898544,28408270100000,E50,128,2012,R,31.0,31163.0
898600,28408410100000,E50,19,2012,R,31.0,31167.0
898605,28408470100000,E50,90,2012,R,31.0,31167.0
898664,28408570100000,E50,128,2012,R,31.0,31169.0
898907,28408860100000,E50,1315,2012,I,31.0,31175.0
898920,28408870100000,E50,459,2012,R,31.0,31175.0
898945,28408890200000,E50,70,2012,R,31.0,31175.0
899008,28408910200000,E50,36,2012,R,31.0,31177.0
899069,28408980200000,E50,247,2012,I,31.0,31177.0
899124,28409010100000,E50,33,2012,R,31.0,31179.0
899129,28409090100000,E50,154,2012,R,31.0,31179.0
899181,28409170100000,E50,205,2012,R,31.0,31181.0
899188,28409170200000,E50,144,2012,R,31.0,31181.0
899283,28409370100000,E50,78,2012,R,31.0,31185.0
899293,28409370200000,E50,1771,2012,I,31.0,31185.0
899307,28409380200000,E50,821,2012,R,31.0,31185.0
